interaction	ligand	receptor	ligand_means	ligand_props	receptor_means	receptor_props	morans	morans_pvals	mean	std
Nptx1^Nptxr	Nptx1	Nptxr	1.0456113	0.7235863095238095	1.783589	0.8895089285714286	0.4349608	0.0	0.7682622	0.19738664
Rims1^Slc17a7	Rims1	Slc17a7	0.62819624	0.6383928571428571	2.2574959	0.8917410714285714	0.29224735	0.0	0.7081293	0.17016852
Cck^Cckbr	Cck	Cckbr	2.622576	0.9479166666666666	0.29572207	0.3444940476190476	0.24319752	0.0	0.48988253	0.2639875
Sema4d^Plxnb3	Sema4d	Plxnb3	0.54413134	0.5245535714285714	0.19086665	0.21986607142857142	0.23473325	0.0	0.38521054	0.24387895
Rtn4^Lingo1	Rtn4	Lingo1	2.4465415	0.9921875	1.5536115	0.8936011904761905	0.21780695	0.0	0.9084836	0.08102756
Rtn4^Rtn4r	Rtn4	Rtn4r	2.4465415	0.9921875	0.67553675	0.5881696428571429	0.20765044	0.0	0.7197592	0.18619497
Lgi1^Rtn4r	Lgi1	Rtn4r	0.8839604	0.7559523809523809	0.67553675	0.5881696428571429	0.19021605	0.0	0.6268052	0.2174192
Fgf1^Fgfr2	Fgf1	Fgfr2	0.50957584	0.5331101190476191	0.46055856	0.44828869047619047	0.18268338	0.0	0.46935534	0.21436258
Efnb3^Ephb1	Efnb3	Ephb1	1.0005093	0.7466517857142857	0.33281592	0.390625	0.17670393	0.0	0.5237935	0.19293512
Pmch^Adra2a	Pmch	Adra2a	0.94047654	0.5877976190476191	0.243272	0.3080357142857143	0.17099474	0.0	0.37233445	0.19822778
Slitrk1^Ptprs	Slitrk1	Ptprs	0.6253307	0.6183035714285714	1.617997	0.9453125	0.16620125	0.0	0.7225169	0.14865497
Col9a3^Mag	Col9a3	Mag	0.21486218	0.24107142857142858	1.5678058	0.8407738095238095	0.16495845	0.0	0.42087254	0.17598177
Olfm2^Robo2	Olfm2	Robo2	0.8659381	0.7206101190476191	0.52442974	0.5509672619047619	0.15979585	0.0	0.5948305	0.20429415
Jam3^Itgb1	Jam3	Itgb1	0.4806542	0.49107142857142855	0.5329506	0.5710565476190477	0.15968345	0.0	0.5105624	0.19612746
L1cam^Cntn1	L1cam	Cntn1	0.78895485	0.6927083333333334	1.828667	0.9694940476190477	0.15869325	0.0	0.7864806	0.12194081
Sst^Sstr2	Sst	Sstr2	1.5905324	0.8359375	0.16971074	0.23065476190476192	0.1586478	0.0	0.37887228	0.20727998
App^Aplp2	App	Aplp2	3.0401053	0.9981398809523809	2.0318582	0.9851190476190477	0.1508046	0.0	0.9725044	0.021636171
App^Aplp1	App	Aplp1	3.0401053	0.9981398809523809	3.1264484	0.9996279761904762	0.14988093	0.0	0.9906632	0.00756204
Fgf13^Scn8a	Fgf13	Scn8a	1.0674796	0.8258928571428571	1.0731076	0.8136160714285714	0.14887048	0.0	0.77682424	0.120596185
Alcam^Chl1	Alcam	Chl1	0.9458693	0.7607886904761905	0.8853341	0.7552083333333334	0.14858821	0.0	0.70505613	0.16700833
Nrxn1^Nlgn2	Nrxn1	Nlgn2	1.9944421	0.9765625	0.8804311	0.7741815476190477	0.14514403	0.0	0.82385045	0.09139596
Nlgn2^Nrxn1	Nlgn2	Nrxn1	0.8804311	0.7741815476190477	1.9944421	0.9765625	0.14514387	0.0	0.82385045	0.09139596
Trf^Ldlr	Trf	Ldlr	1.7996697	0.8995535714285714	0.22553815	0.2935267857142857	0.14291124	0.0	0.47216085	0.18117376
Efnb2^Grm5	Efnb2	Grm5	0.26584476	0.3411458333333333	0.9920846	0.7979910714285714	0.14216305	0.0	0.47602758	0.21770696
Sparc^Fgfr1	Sparc	Fgfr1	2.298043	0.9825148809523809	0.49359047	0.5319940476190477	0.14210469	0.0	0.6676513	0.13203749
Gnai2^Ednrb	Gnai2	Ednrb	1.6267207	0.9665178571428571	0.6143515	0.6156994047619048	0.14187707	0.0	0.7056753	0.12845156
Gnai2^Unc5b	Gnai2	Unc5b	1.6267207	0.9665178571428571	0.30643603	0.31212797619047616	0.13984337	0.0	0.5026206	0.19564198
Rtn4^Rtn4rl1	Rtn4	Rtn4rl1	2.4465415	0.9921875	0.62195253	0.5993303571428571	0.13544203	0.0	0.72844946	0.1469469
Efna3^Epha4	Efna3	Epha4	0.5693633	0.5974702380952381	1.0533679	0.8031994047619048	0.13135654	0.0	0.6667409	0.15327483
Gnai2^S1pr5	Gnai2	S1pr5	1.6267207	0.9665178571428571	0.26461485	0.2849702380952381	0.13031572	0.0	0.4711132	0.19381003
Npy^Gpr83	Npy	Gpr83	0.9688567	0.6793154761904762	0.25157756	0.29575892857142855	0.13022245	0.0	0.39624658	0.21600328
Npy^Npy1r	Npy	Npy1r	0.9688567	0.6793154761904762	0.24056071	0.30952380952380953	0.12646146	0.0	0.42872697	0.19383033
Nptx2^Nptxr	Nptx2	Nptxr	0.3659275	0.4140625	1.783589	0.8895089285714286	0.12627572	0.0	0.58222836	0.16770323
Cadm3^Cadm1	Cadm3	Cadm1	1.206809	0.8474702380952381	1.1569203	0.8500744047619048	0.12184738	0.0	0.7982613	0.12797855
Nrxn2^Nlgn2	Nrxn2	Nlgn2	1.5570858	0.9438244047619048	0.8804311	0.7741815476190477	0.119601555	0.0	0.8031913	0.10432607
Nlgn2^Nrxn2	Nlgn2	Nrxn2	0.8804311	0.7741815476190477	1.5570858	0.9438244047619048	0.11960145	0.0	0.8031913	0.10432607
Efnb2^Ephb6	Efnb2	Ephb6	0.26584476	0.3411458333333333	0.5567551	0.5714285714285714	0.11813824	0.0	0.4108829	0.22247356
Gnas^Adcy8	Gnas	Adcy8	3.676198	1.0	0.28399298	0.36235119047619047	0.11781711	0.0	0.56275433	0.14050083
Ntrk3^Ptprs	Ntrk3	Ptprs	0.72093445	0.6648065476190477	1.617997	0.9453125	0.11759685	0.0	0.75305575	0.14025058
Cntn1^Nrcam	Cntn1	Nrcam	1.828667	0.9694940476190477	1.2974885	0.8898809523809523	0.116985686	0.0	0.8870865	0.07623505
Efna3^Epha7	Efna3	Epha7	0.5693633	0.5974702380952381	0.49092564	0.4992559523809524	0.11324777	0.0	0.5663002	0.15988062
Pdyn^Oprl1	Pdyn	Oprl1	0.27464062	0.30245535714285715	0.4948592	0.5457589285714286	0.11294028	0.0	0.36809707	0.21981993
Nlgn1^Nrxn2	Nlgn1	Nrxn2	0.55568635	0.5866815476190477	1.5570858	0.9438244047619048	0.10972369	0.0	0.6960441	0.11653465
Nrxn2^Nlgn1	Nrxn2	Nlgn1	1.5570858	0.9438244047619048	0.55568635	0.5866815476190477	0.10972361	0.0	0.6960441	0.11653465
Lin7c^Kcnj4	Lin7c	Kcnj4	0.6938964	0.6927083333333334	0.5800451	0.5111607142857143	0.10890991	0.0	0.5153558	0.27586442
Slit1^Robo2	Slit1	Robo2	0.3175231	0.37611607142857145	0.52442974	0.5509672619047619	0.10750573	0.0	0.4411835	0.231588
Nrxn1^Nlgn1	Nrxn1	Nlgn1	1.9944421	0.9765625	0.55568635	0.5866815476190477	0.10486161	0.0	0.7138631	0.116531394
Nlgn1^Nrxn1	Nlgn1	Nrxn1	0.55568635	0.5866815476190477	1.9944421	0.9765625	0.10486155	0.0	0.7138631	0.116531394
Mdk^Sdc4	Mdk	Sdc4	0.5406094	0.5617559523809523	0.73798996	0.7127976190476191	0.102738455	0.0	0.5860938	0.16169721
Rtn4^Cntnap1	Rtn4	Cntnap1	2.4465415	0.9921875	0.7764435	0.71875	0.1026396	0.0	0.79277277	0.10929723
Efna3^Epha5	Efna3	Epha5	0.5693633	0.5974702380952381	0.79059905	0.6886160714285714	0.09984603	0.0	0.6356893	0.15230626
Apoe^Ldlr	Apoe	Ldlr	4.0759296	1.0	0.22553815	0.2935267857142857	0.0995632	0.0	0.49925578	0.14748706
Cx3cl1^Itgav	Cx3cl1	Itgav	2.0111756	0.9456845238095238	0.62788355	0.6380208333333334	0.09721706	0.0	0.7153565	0.12650114
Slitrk3^Ptprs	Slitrk3	Ptprs	0.37466854	0.4494047619047619	1.617997	0.9453125	0.095317505	0.0	0.62324464	0.12115012
Omg^Lingo1	Omg	Lingo1	1.2076999	0.8876488095238095	1.5536115	0.8936011904761905	0.09399275	0.0	0.83781505	0.10254686
Gdf11^Acvr1c	Gdf11	Acvr1c	0.21991773	0.27120535714285715	0.16369323	0.21242559523809523	0.093384326	0.0	0.20604442	0.19075502
Lgi1^Adam22	Lgi1	Adam22	0.8839604	0.7559523809523809	0.8707983	0.7700892857142857	0.09239949	0.0	0.71654046	0.14425826
Rims1^Cacna1c	Rims1	Cacna1c	0.62819624	0.6383928571428571	0.34607074	0.42336309523809523	0.09169764	0.0	0.48712668	0.17917469
Efna3^Ephb6	Efna3	Ephb6	0.5693633	0.5974702380952381	0.5567551	0.5714285714285714	0.090944305	0.0	0.5623021	0.1857295
Nrxn1^Nlgn3	Nrxn1	Nlgn3	1.9944421	0.9765625	0.75998384	0.7377232142857143	0.090672664	0.0	0.80166507	0.086443305
Nlgn3^Nrxn1	Nlgn3	Nrxn1	0.75998384	0.7377232142857143	1.9944421	0.9765625	0.09067261	0.0	0.80166507	0.086443305
Sema4d^Plxnb1	Sema4d	Plxnb1	0.54413134	0.5245535714285714	0.5545997	0.5974702380952381	0.090421505	0.0	0.507698	0.17307529
Arf1^Chrm3	Arf1	Chrm3	2.0344436	0.9813988095238095	0.28148213	0.34486607142857145	0.08915764	0.0	0.54581577	0.1653594
Psap^Sort1	Psap	Sort1	3.3180952	0.9996279761904762	1.4086583	0.9103422619047619	0.08727682	0.0	0.92059636	0.049123924
Penk^Adra2a	Penk	Adra2a	0.67986226	0.5070684523809523	0.243272	0.3080357142857143	0.08715363	0.0	0.3676861	0.21065708
Pomc^Oprl1	Pomc	Oprl1	0.17294559	0.22805059523809523	0.4948592	0.5457589285714286	0.08490879	0.0	0.34864035	0.18624772
Lamb2^Rpsa	Lamb2	Rpsa	0.2738867	0.32514880952380953	3.4520082	1.0	0.08391423	0.0	0.52973664	0.113543496
Pnoc^Oprl1	Pnoc	Oprl1	0.2416671	0.27529761904761907	0.4948592	0.5457589285714286	0.08309829	0.0	0.3675113	0.20429355
Omg^Rtn4r	Omg	Rtn4r	1.2076999	0.8876488095238095	0.67553675	0.5881696428571429	0.08080132	0.0	0.65282714	0.19619815
Slit2^Robo2	Slit2	Robo2	0.26072016	0.3404017857142857	0.52442974	0.5509672619047619	0.0807748	0.0	0.4014359	0.21391034
Ncam1^Fgfr2	Ncam1	Fgfr2	1.4877063	0.9352678571428571	0.46055856	0.44828869047619047	0.079705395	0.0	0.5846166	0.17142859
Mdk^Ptprz1	Mdk	Ptprz1	0.5406094	0.5617559523809523	1.2920457	0.9196428571428571	0.07756191	0.0	0.66151613	0.13219334
Il1rapl1^Ptprs	Il1rapl1	Ptprs	0.18380061	0.25632440476190477	1.617997	0.9453125	0.07339075	0.0	0.46774682	0.13381138
Vip^Ramp1	Vip	Ramp1	0.2846248	0.26413690476190477	1.5445969	0.9534970238095238	0.07242566	0.0	0.39046356	0.23497525
Sst^Adra2a	Sst	Adra2a	1.5905324	0.8359375	0.243272	0.3080357142857143	0.07234062	0.0	0.43044084	0.17890666
Pnoc^Adra2a	Pnoc	Adra2a	0.2416671	0.27529761904761907	0.243272	0.3080357142857143	0.07221355	0.0	0.28959084	0.18804488
Apoe^Abca1	Apoe	Abca1	4.0759296	1.0	0.27375895	0.3478422619047619	0.07158293	0.0	0.55955267	0.096176445
Mdk^Sdc2	Mdk	Sdc2	0.5406094	0.5617559523809523	0.4548394	0.5148809523809523	0.070514195	0.0	0.48624516	0.17598484
Mfge8^Itgav	Mfge8	Itgav	1.3661119	0.8895089285714286	0.62788355	0.6380208333333334	0.06962744	0.0	0.68853706	0.12213081
Sptbn2^Ptpra	Sptbn2	Ptpra	1.7617364	0.9378720238095238	1.2493502	0.9006696428571429	0.06773654	0.0	0.86195636	0.083063014
Psap^Lrp1	Psap	Lrp1	3.3180952	0.9996279761904762	1.5292057	0.9468005952380952	0.06542835	0.0	0.9432323	0.037971992
Fstl5^Chl1	Fstl5	Chl1	0.23692402	0.30431547619047616	0.8853341	0.7552083333333334	0.064910166	0.0	0.45440724	0.18460347
Gnai2^Adra2a	Gnai2	Adra2a	1.6267207	0.9665178571428571	0.243272	0.3080357142857143	0.064226605	0.0	0.4817165	0.15434884
Sema6b^Plxna2	Sema6b	Plxna2	0.87647766	0.7566964285714286	0.4652968	0.5122767857142857	0.064115405	0.0	0.59559184	0.15184365
Adam10^Tspan5	Adam10	Tspan5	0.6236172	0.6517857142857143	1.0953895	0.8374255952380952	0.06318857	0.0	0.6942045	0.1131478
Sema6b^Plxna4	Sema6b	Plxna4	0.87647766	0.7566964285714286	0.45040256	0.5070684523809523	0.06299067	0.0	0.5918388	0.15380979
App^Vldlr	App	Vldlr	3.0401053	0.9981398809523809	0.49413484	0.5531994047619048	0.062285546	0.0	0.70803404	0.08593293
Ptn^Cdh10	Ptn	Cdh10	2.0740683	0.9880952380952381	0.3326519	0.4174107142857143	0.062185016	0.0	0.59757394	0.12290079
Lgi2^Adam22	Lgi2	Adam22	0.35181022	0.4255952380952381	0.8707983	0.7700892857142857	0.061904285	0.0	0.52198184	0.16965774
Ado^Adora1	Ado	Adora1	0.6916931	0.6636904761904762	0.8465919	0.7369791666666666	0.06180851	0.0	0.62317926	0.14926487
Nrxn2^Nlgn3	Nrxn2	Nlgn3	1.5570858	0.9438244047619048	0.75998384	0.7377232142857143	0.06059105	0.0	0.7790798	0.103749566
Nlgn3^Nrxn2	Nlgn3	Nrxn2	0.75998384	0.7377232142857143	1.5570858	0.9438244047619048	0.060590956	0.0	0.7790798	0.103749566
Agt^Adra2a	Agt	Adra2a	1.1537869	0.6871279761904762	0.243272	0.3080357142857143	0.0604148	0.0	0.40693212	0.18975136
Ncam1^Ptprz1	Ncam1	Ptprz1	1.4877063	0.9352678571428571	1.2920457	0.9196428571428571	0.059824556	0.0	0.8508961	0.07627349
Timp3^Ddr1	Timp3	Ddr1	0.78762025	0.6938244047619048	0.6610067	0.6060267857142857	0.059795223	0.0	0.5606016	0.1701703
Fgf1^Fgfr3	Fgf1	Fgfr3	0.50957584	0.5331101190476191	0.83076346	0.7533482142857143	0.059566874	0.0	0.56326944	0.16749947
App^Gpc1	App	Gpc1	3.0401053	0.9981398809523809	0.599249	0.6175595238095238	0.059500244	0.0	0.74449205	0.09288762
Apoe^Sdc2	Apoe	Sdc2	4.0759296	1.0	0.4548394	0.5148809523809523	0.059381146	0.0	0.6710901	0.1261853
Fgf1^Fgfr1	Fgf1	Fgfr1	0.50957584	0.5331101190476191	0.49359047	0.5319940476190477	0.05916638	0.0	0.47883725	0.18495451
Adam10^Nrcam	Adam10	Nrcam	0.6236172	0.6517857142857143	1.2974885	0.8898809523809523	0.05896717	0.0	0.71219265	0.11983833
Pomc^Adcyap1r1	Pomc	Adcyap1r1	0.17294559	0.22805059523809523	0.8498223	0.7593005952380952	0.058061123	0.0	0.37357765	0.17423277
Lgals3bp^Itgb1	Lgals3bp	Itgb1	0.3448306	0.39880952380952384	0.5329506	0.5710565476190477	0.05648802	0.0	0.44783324	0.16510405
Ncan^Cdh2	Ncan	Cdh2	0.7271811	0.703125	0.99316376	0.8076636904761905	0.056419913	0.0	0.6922487	0.13280085
Ptn^Ptprs	Ptn	Ptprs	2.0740683	0.9880952380952381	1.617997	0.9453125	0.054120824	0.0	0.9134418	0.05529184
Lrpap1^Lrp1	Lrpap1	Lrp1	1.4474562	0.9174107142857143	1.5292057	0.9468005952380952	0.05357794	0.0	0.88411295	0.069376916
Col9a3^Itgav_Itgb8	Col9a3	Itgav_Itgb8	0.21486218	0.24107142857142858	0.3102976	0.4029017857142857	0.05284284	0.0	0.28553715	0.17993902
Gdf11^Actr2	Gdf11	Actr2	0.21991773	0.27120535714285715	1.4744977	0.9356398809523809	0.051819745	0.0	0.4617327	0.1454157
Lgi2^Adam23	Lgi2	Adam23	0.35181022	0.4255952380952381	0.81705624	0.7503720238095238	0.050698496	0.0	0.5129862	0.1685819
Apoe^Trem2	Apoe	Trem2	4.0759296	1.0	0.29921624	0.3549107142857143	0.049974103	0.0	0.55670613	0.102249585
Slitrk2^Ptprs	Slitrk2	Ptprs	0.22782834	0.3084077380952381	1.617997	0.9453125	0.04943682	0.0	0.5005443	0.12782745
Pltp^Abca1	Pltp	Abca1	0.6859455	0.6276041666666666	0.27375895	0.3478422619047619	0.049112353	0.0	0.43363014	0.1567615
Vwf^Itgb1	Vwf	Itgb1	0.2625269	0.2741815476190476	0.5329506	0.5710565476190477	0.048535377	0.0	0.3986031	0.16583985
Fgf9^Fgfr3	Fgf9	Fgfr3	0.271798	0.34337797619047616	0.83076346	0.7533482142857143	0.047376797	0.0	0.44653964	0.16372637
Ltbp3^Itgb5	Ltbp3	Itgb5	0.32735336	0.4021577380952381	0.4578212	0.5167410714285714	0.046287034	0.0	0.4403089	0.18002823
App^Grm7	App	Grm7	3.0401053	0.9981398809523809	0.33483678	0.4177827380952381	0.046118595	0.0	0.6112111	0.12360739
Sema4d^Plxnb2	Sema4d	Plxnb2	0.54413134	0.5245535714285714	0.53238064	0.5643601190476191	0.044850603	0.0	0.48619244	0.16124243
App^Ncstn	App	Ncstn	3.0401053	0.9981398809523809	0.5451019	0.6004464285714286	0.0445492	0.0	0.7375702	0.082168475
Adam9^Itgb1	Adam9	Itgb1	0.41276258	0.5003720238095238	0.5329506	0.5710565476190477	0.044339802	0.0	0.4915422	0.14383742
Rtn4^Tnfrsf19	Rtn4	Tnfrsf19	2.4465415	0.9921875	0.30768234	0.38430059523809523	0.04426586	0.0	0.57158625	0.110055014
Itgav^Thy1	Itgav	Thy1	0.62788355	0.6380208333333334	2.4783216	0.9866071428571429	0.043675747	0.0	0.7324153	0.104840964
Nxph1^Nrxn1	Nxph1	Nrxn1	0.38962883	0.4255952380952381	1.9944421	0.9765625	0.04358104	0.0	0.5888904	0.15167093
Edil3^Itgav	Edil3	Itgav	1.3528303	0.8984375	0.62788355	0.6380208333333334	0.04328658	0.0	0.69510496	0.12575987
Sema5a^Plxnb3	Sema5a	Plxnb3	0.41845202	0.45200892857142855	0.19086665	0.21986607142857142	0.043216698	0.0	0.30719438	0.19917247
Timp2^Itga3	Timp2	Itga3	1.5768082	0.9222470238095238	0.1875078	0.25558035714285715	0.0430393	0.0	0.46010917	0.15782176
Lgals1^Itgb1	Lgals1	Itgb1	0.44654876	0.47023809523809523	0.5329506	0.5710565476190477	0.04142273	0.0	0.49127838	0.16582175
Omg^Rtn4rl1	Omg	Rtn4rl1	1.2076999	0.8876488095238095	0.62195253	0.5993303571428571	0.040779166	0.0	0.67353606	0.15431441
Apoe^Lrp6	Apoe	Lrp6	4.0759296	1.0	0.2601139	0.3392857142857143	0.040113673	0.0	0.5438091	0.10492628
Lgals8^Itga3	Lgals8	Itga3	0.27639043	0.3601190476190476	0.1875078	0.25558035714285715	0.039879378	0.0	0.30244792	0.17545246
Ncam1^Gfra1	Ncam1	Gfra1	1.4877063	0.9352678571428571	0.28623918	0.35453869047619047	0.039689064	0.0	0.5321393	0.13399428
Ybx1^Notch1	Ybx1	Notch1	1.3634307	0.9293154761904762	0.21668908	0.2767857142857143	0.038684696	0.0	0.46582532	0.11979883
Lrrc4b^Ptprs	Lrrc4b	Ptprs	1.2481897	0.8984375	1.617997	0.9453125	0.038550813	0.0	0.88095546	0.06407665
Slit2^Plxna1	Slit2	Plxna1	0.26072016	0.3404017857142857	0.34561375	0.41964285714285715	0.03825341	0.0	0.3547321	0.20185876
Sema4f^Nrp2	Sema4f	Nrp2	0.35079807	0.4289434523809524	0.19253118	0.23325892857142858	0.037744205	0.0	0.30555978	0.2119679
Lrpap1^Lrp8	Lrpap1	Lrp8	1.4474562	0.9174107142857143	0.2972233	0.3861607142857143	0.036604106	0.0	0.5571983	0.1316804
Npy^Grm7	Npy	Grm7	0.9688567	0.6793154761904762	0.33483678	0.4177827380952381	0.035573214	0.0	0.44416773	0.17796762
Gnai2^Cav1	Gnai2	Cav1	1.6267207	0.9665178571428571	0.17698108	0.22433035714285715	0.03539068	0.0	0.44864935	0.11061935
Penk^Ogfr	Penk	Ogfr	0.67986226	0.5070684523809523	0.45601535	0.5286458333333334	0.034633957	0.0	0.4445083	0.19268698
L1cam^Ptprz1	L1cam	Ptprz1	0.78895485	0.6927083333333334	1.2920457	0.9196428571428571	0.034242846	0.0	0.6989838	0.14740518
Agrn^Lrp1	Agrn	Lrp1	0.70007616	0.6852678571428571	1.5292057	0.9468005952380952	0.034203347	0.0	0.7588563	0.10142145
Sptan1^Ptpra	Sptan1	Ptpra	1.9885955	0.9776785714285714	1.2493502	0.9006696428571429	0.034133457	0.0	0.8922913	0.059269603
Efna3^Epha10	Efna3	Epha10	0.5693633	0.5974702380952381	0.1802105	0.2496279761904762	0.034075785	0.0	0.38643652	0.16688566
Txlna^Stx4a	Txlna	Stx4a	0.29648027	0.38169642857142855	0.6736654	0.6867559523809523	0.03389974	0.0	0.47842517	0.14888738
Reln^Lrp8	Reln	Lrp8	0.34060055	0.37351190476190477	0.2972233	0.3861607142857143	0.03385949	0.0	0.34134346	0.20086454
Frs3^Fgfr1	Frs3	Fgfr1	0.28400794	0.3679315476190476	0.49359047	0.5319940476190477	0.03379256	0.0	0.39723104	0.16897348
Cxcl12^Itgav	Cxcl12	Itgav	0.55218786	0.5587797619047619	0.62788355	0.6380208333333334	0.033172745	0.0	0.527019	0.13875787
Sema3a^Nrp2	Sema3a	Nrp2	0.1895241	0.24925595238095238	0.19253118	0.23325892857142858	0.032888677	0.0	0.19846608	0.20699114
Adam9^Itgav	Adam9	Itgav	0.41276258	0.5003720238095238	0.62788355	0.6380208333333334	0.03239763	0.0	0.5101901	0.14901708
Lgi1^Adam23	Lgi1	Adam23	0.8839604	0.7559523809523809	0.81705624	0.7503720238095238	0.03228986	0.0	0.69128835	0.13189071
Calr^Lrp1	Calr	Lrp1	2.1494973	0.9892113095238095	1.5292057	0.9468005952380952	0.031754542	0.0	0.9285306	0.04823699
Spon1^App	Spon1	App	0.7036641	0.6592261904761905	3.0401053	0.9981398809523809	0.031603027	0.0	0.7628777	0.12227153
Timp3^Kdr	Timp3	Kdr	0.78762025	0.6938244047619048	0.19156139	0.24293154761904762	0.031048372	0.0	0.3906002	0.15107037
Fgf1^Cspg4	Fgf1	Cspg4	0.50957584	0.5331101190476191	0.20190738	0.25558035714285715	0.03102776	0.0	0.3232015	0.17064948
Pomc^Adra2a	Pomc	Adra2a	0.17294559	0.22805059523809523	0.243272	0.3080357142857143	0.03010747	0.0	0.23034552	0.18349907
Rgma^Neo1	Rgma	Neo1	0.39243376	0.46205357142857145	0.5423434	0.6011904761904762	0.029686399	0.0	0.48200068	0.1430729
Sirpa^Cd47	Sirpa	Cd47	1.582893	0.9278273809523809	1.3453064	0.9203869047619048	0.02861963	0.0	0.87369317	0.07807027
Cd47^Sirpa	Cd47	Sirpa	1.3453064	0.9203869047619048	1.582893	0.9278273809523809	0.028619604	0.0	0.87369317	0.07807027
Penk^Oprl1	Penk	Oprl1	0.67986226	0.5070684523809523	0.4948592	0.5457589285714286	0.02857073	0.0	0.47090435	0.20270514
Slc6a8^Lifr	Slc6a8	Lifr	0.6727636	0.6841517857142857	0.33657226	0.41555059523809523	0.028121946	0.0	0.48664406	0.14500773
Agrn^Atp1a3	Agrn	Atp1a3	0.70007616	0.6852678571428571	2.7591696	0.9944196428571429	0.027743168	0.0	0.78314275	0.08705365
Pdyn^Adra2a	Pdyn	Adra2a	0.27464062	0.30245535714285715	0.243272	0.3080357142857143	0.027528914	0.0	0.2546178	0.21185334
Vtn^Kdr	Vtn	Kdr	0.8121752	0.6848958333333334	0.19156139	0.24293154761904762	0.0269924	0.0	0.38013163	0.15838438
Mdk^Sdc3	Mdk	Sdc3	0.5406094	0.5617559523809523	1.0515773	0.8441220238095238	0.026685094	0.0	0.60573316	0.14961205
Calr^Itgav	Calr	Itgav	2.1494973	0.9892113095238095	0.62788355	0.6380208333333334	0.02643539	0.0	0.7440131	0.09863351
Hsp90b1^Lrp1	Hsp90b1	Lrp1	1.8377947	0.9739583333333334	1.5292057	0.9468005952380952	0.026039036	0.0	0.9162763	0.05279061
App^Tspan15	App	Tspan15	3.0401053	0.9981398809523809	0.40823084	0.4296875	0.025924115	0.0	0.5988696	0.14963761
Lman1^Mcfd2	Lman1	Mcfd2	0.23839252	0.32068452380952384	0.6839261	0.6629464285714286	0.02503395	0.0	0.43866616	0.15990445
Ptn^Ptprb	Ptn	Ptprb	2.0740683	0.9880952380952381	0.23523337	0.2819940476190476	0.024993133	0.0	0.50214607	0.108033895
Megf10^Abca1	Megf10	Abca1	0.19420822	0.24553571428571427	0.27375895	0.3478422619047619	0.024317794	0.0	0.283076	0.1762951
Pdgfa^Pdgfra	Pdgfa	Pdgfra	0.7294498	0.7079613095238095	0.33394068	0.37686011904761907	0.023875201	0.0	0.45283827	0.14232048
App^Tnfrsf21	App	Tnfrsf21	3.0401053	0.9981398809523809	0.5990203	0.6246279761904762	0.02365457	0.0	0.7529038	0.09560684
Timp2^Itgb1	Timp2	Itgb1	1.5768082	0.9222470238095238	0.5329506	0.5710565476190477	0.023424195	0.0	0.66415775	0.11547414
Adam10^Cadm1	Adam10	Cadm1	0.6236172	0.6517857142857143	1.1569203	0.8500744047619048	0.023409002	0.0	0.6831144	0.12588902
Bmp1^Bmpr2	Bmp1	Bmpr2	0.30969092	0.3854166666666667	0.97784406	0.8292410714285714	0.023299892	0.0	0.5201753	0.14634715
Rgmb^Bmpr2	Rgmb	Bmpr2	0.504289	0.5613839285714286	0.97784406	0.8292410714285714	0.022844732	0.0	0.61930245	0.14311585
Arf1^Insr	Arf1	Insr	2.0344436	0.9813988095238095	0.23053327	0.31212797619047616	0.022691254	0.0	0.51939315	0.11288336
Fam3c^Lifr	Fam3c	Lifr	0.6034621	0.6298363095238095	0.33657226	0.41555059523809523	0.022454593	0.0	0.4807326	0.14816487
Adam10^Tspan17	Adam10	Tspan17	0.6236172	0.6517857142857143	0.69263446	0.6748511904761905	0.02238207	0.0	0.6088495	0.15028593
Mfge8^Itgb5	Mfge8	Itgb5	1.3661119	0.8895089285714286	0.4578212	0.5167410714285714	0.020955604	0.0	0.6229569	0.11650777
Arf6^Smap1	Arf6	Smap1	0.2968726	0.38839285714285715	0.97582597	0.8028273809523809	0.02073629	0.0	0.52803105	0.13568121
Bdnf^Sort1	Bdnf	Sort1	0.31349307	0.3523065476190476	1.4086583	0.9103422619047619	0.020698946	0.0	0.52025044	0.1792698
Vcl^Itgb5	Vcl	Itgb5	0.3038112	0.38095238095238093	0.4578212	0.5167410714285714	0.020384096	0.0	0.42029753	0.15885732
Fn1^Itga6	Fn1	Itga6	0.3285712	0.36755952380952384	0.18292104	0.23846726190476192	0.02038138	0.0	0.2998522	0.1875941
Lamb1^Dag1	Lamb1	Dag1	0.17177148	0.23325892857142858	0.67184806	0.6837797619047619	0.020327682	0.0	0.3457255	0.16549177
Serpine2^Lrp1	Serpine2	Lrp1	1.5421071	0.9423363095238095	1.5292057	0.9468005952380952	0.019981897	0.0	0.8852797	0.072068624
Slit2^App	Slit2	App	0.26072016	0.3404017857142857	3.0401053	0.9981398809523809	0.019225568	0.0	0.53160036	0.17775746
Cntn3^Ptprg	Cntn3	Ptprg	0.17795476	0.24702380952380953	0.5199393	0.5688244047619048	0.019176107	0.0	0.3557673	0.18380222
Slit1^Flrt3	Slit1	Flrt3	0.3175231	0.37611607142857145	0.24624617	0.32180059523809523	0.018470671	0.010000000000000009	0.33096677	0.19902693
Npy^Adra2a	Npy	Adra2a	0.9688567	0.6793154761904762	0.243272	0.3080357142857143	0.018436184	0.0	0.38682684	0.17504576
Agrn^Dag1	Agrn	Dag1	0.70007616	0.6852678571428571	0.67184806	0.6837797619047619	0.018128468	0.0	0.6271903	0.13374907
Lamc1^Itgav_Itgb8	Lamc1	Itgav_Itgb8	0.21295276	0.27641369047619047	0.3102976	0.4029017857142857	0.017938873	0.0	0.27864686	0.1590758
Ncam1^Ncam2	Ncam1	Ncam2	1.4877063	0.9352678571428571	0.21587607	0.28794642857142855	0.017542249	0.0	0.47968483	0.1225188
Lrpap1^Sorl1	Lrpap1	Sorl1	1.4474562	0.9174107142857143	1.0210816	0.8031994047619048	0.017193394	0.0	0.80470985	0.09929318
Lrpap1^Ldlr	Lrpap1	Ldlr	1.4474562	0.9174107142857143	0.22553815	0.2935267857142857	0.016797544	0.0	0.46504122	0.15836614
Vegfa^Itgav	Vegfa	Itgav	0.45193133	0.5204613095238095	0.62788355	0.6380208333333334	0.016726857	0.0	0.5100881	0.140149
Pdyn^Grm7	Pdyn	Grm7	0.27464062	0.30245535714285715	0.33483678	0.4177827380952381	0.016567118	0.0	0.3167487	0.18637924
Nxph1^Nrxn2	Nxph1	Nrxn2	0.38962883	0.4255952380952381	1.5570858	0.9438244047619048	0.016071733	0.0	0.5792946	0.15090019
Ptn^Ncl	Ptn	Ncl	2.0740683	0.9880952380952381	1.4630905	0.9456845238095238	0.015845723	0.0	0.91478586	0.046932038
Fn1^Sdc2	Fn1	Sdc2	0.3285712	0.36755952380952384	0.4548394	0.5148809523809523	0.015549367	0.010000000000000009	0.39954308	0.16555198
Lamb1^Itgav_Itgb8	Lamb1	Itgav_Itgb8	0.17177148	0.23325892857142858	0.3102976	0.4029017857142857	0.015523669	0.0	0.26171786	0.17707145
Jam2^Itgav_Itgb1	Jam2	Itgav_Itgb1	0.3646194	0.4445684523809524	0.2895793	0.3783482142857143	0.015446157	0.0	0.3729873	0.16449487
Sema4a^Plxnd1	Sema4a	Plxnd1	0.29678062	0.3835565476190476	0.46960616	0.46577380952380953	0.014929719	0.0	0.37424603	0.19607846
Ncan^Sdc3	Ncan	Sdc3	0.7271811	0.703125	1.0515773	0.8441220238095238	0.0147332	0.0	0.7089816	0.12236172
Nxph3^Nrxn1	Nxph3	Nrxn1	0.21941806	0.24665178571428573	1.9944421	0.9765625	0.01466121	0.0	0.42869127	0.20164488
Wnt4^Smo	Wnt4	Smo	0.34795475	0.37351190476190477	0.15894087	0.21279761904761904	0.014538479	0.0	0.2418854	0.19015431
Grn^Tnfrsf1a	Grn	Tnfrsf1a	0.69516593	0.6956845238095238	0.16698782	0.21875	0.0142355915	0.0	0.36333603	0.16345568
Lpl^Vldlr	Lpl	Vldlr	0.19541168	0.23102678571428573	0.49413484	0.5531994047619048	0.0140184155	0.0	0.3259912	0.18939535
Penk^Grm7	Penk	Grm7	0.67986226	0.5070684523809523	0.33483678	0.4177827380952381	0.013703904	0.010000000000000009	0.41414312	0.17971106
Ncam1^Fgfr1	Ncam1	Fgfr1	1.4877063	0.9352678571428571	0.49359047	0.5319940476190477	0.013391328	0.010000000000000009	0.65008	0.12869075
Gpi1^Amfr	Gpi1	Amfr	2.6422324	0.9966517857142857	1.1029277	0.8731398809523809	0.012759758	0.010000000000000009	0.8900754	0.05713991
Col4a2^Itgb5	Col4a2	Itgb5	0.27556935	0.3552827380952381	0.4578212	0.5167410714285714	0.012248482	0.010000000000000009	0.40180022	0.16147819
Cntn4^Ptprg	Cntn4	Ptprg	0.29671988	0.3634672619047619	0.5199393	0.5688244047619048	0.01214108	0.0	0.41175643	0.16617891
Pdgfb^Itgav	Pdgfb	Itgav	0.2797945	0.35974702380952384	0.62788355	0.6380208333333334	0.012102386	0.0	0.42318517	0.14470239
Pdgfb^S1pr1	Pdgfb	S1pr1	0.2797945	0.35974702380952384	0.8980523	0.7979910714285714	0.012039059	0.0	0.45796362	0.13379736
Selplg^Esam	Selplg	Esam	0.3888751	0.43154761904761907	0.26751053	0.3273809523809524	0.011674438	0.010000000000000009	0.3264503	0.16506958
Lin7c^Htr2c	Lin7c	Htr2c	0.6938964	0.6927083333333334	0.47411305	0.45870535714285715	0.0116384635	0.020000000000000018	0.5036637	0.20612232
Spon1^Lrp8	Spon1	Lrp8	0.7036641	0.6592261904761905	0.2972233	0.3861607142857143	0.01148754	0.0	0.4573397	0.15557347
Mdk^Ncl	Mdk	Ncl	0.5406094	0.5617559523809523	1.4630905	0.9456845238095238	0.011259807	0.0	0.66075546	0.13119458
Adam9^Itga3	Adam9	Itga3	0.41276258	0.5003720238095238	0.1875078	0.25558035714285715	0.010860299	0.0	0.32028744	0.16961053
Psen1^Notch1	Psen1	Notch1	0.40667868	0.5014880952380952	0.21668908	0.2767857142857143	0.010751376	0.0	0.3273692	0.15278548
Vegfa^Sirpa	Vegfa	Sirpa	0.45193133	0.5204613095238095	1.582893	0.9278273809523809	0.010565425	0.0	0.6337722	0.10776865
Lrrc4b^Ptprf	Lrrc4b	Ptprf	1.2481897	0.8984375	0.56695485	0.6030505952380952	0.010492849	0.0	0.6707934	0.13910203
Mfge8^Pdgfrb	Mfge8	Pdgfrb	1.3661119	0.8895089285714286	0.16307312	0.2027529761904762	0.010442978	0.06999999999999995	0.40530372	0.12576023
App^Lrp1	App	Lrp1	3.0401053	0.9981398809523809	1.5292057	0.9468005952380952	0.010329949	0.030000000000000027	0.93937373	0.039154768
Gnai2^P2ry12	Gnai2	P2ry12	1.6267207	0.9665178571428571	0.42033988	0.4564732142857143	0.01030945	0.050000000000000044	0.6067917	0.102070324
Ntrk3^Ptprf	Ntrk3	Ptprf	0.72093445	0.6648065476190477	0.56695485	0.6030505952380952	0.010172879	0.010000000000000009	0.57354105	0.1786913
Fabp5^Rxra	Fabp5	Rxra	2.0174758	0.9895833333333334	0.2618833	0.34970238095238093	0.009841789	0.0	0.5398685	0.111259215
Hras^Insr	Hras	Insr	1.8267726	0.9613095238095238	0.23053327	0.31212797619047616	0.009791977	0.020000000000000018	0.5100191	0.11275877
Sema5a^Plxna3	Sema5a	Plxna3	0.41845202	0.45200892857142855	0.15564291	0.22805059523809523	0.009767443	0.010000000000000009	0.26881403	0.18091014
Igfbp4^Lrp6	Igfbp4	Lrp6	0.6260782	0.5487351190476191	0.2601139	0.3392857142857143	0.009723873	0.030000000000000027	0.40033716	0.16912913
Fgf13^Fgfr3	Fgf13	Fgfr3	1.0674796	0.8258928571428571	0.83076346	0.7533482142857143	0.009705959	0.030000000000000027	0.7160215	0.109624244
Lpl^Lrp1	Lpl	Lrp1	0.19541168	0.23102678571428573	1.5292057	0.9468005952380952	0.009108859	0.010000000000000009	0.41392025	0.17829926
Itgb3bp^Itgb5	Itgb3bp	Itgb5	0.15956123	0.22507440476190477	0.4578212	0.5167410714285714	0.00882153	0.0	0.28869873	0.1579123
Gnas^Crhr1	Gnas	Crhr1	3.676198	1.0	0.16412365	0.22023809523809523	0.008782714	0.12	0.4187328	0.18143067
Cntn6^Ptprg	Cntn6	Ptprg	0.17610458	0.24553571428571427	0.5199393	0.5688244047619048	0.008741062	0.010000000000000009	0.33189598	0.17244299
Tgfb2^Eng	Tgfb2	Eng	0.18698056	0.234375	0.32145047	0.3820684523809524	0.008050218	0.040000000000000036	0.27258983	0.17277946
Lamb2^Dag1	Lamb2	Dag1	0.2738867	0.32514880952380953	0.67184806	0.6837797619047619	0.007937911	0.040000000000000036	0.41825807	0.15919665
Grn^Sort1	Grn	Sort1	0.69516593	0.6956845238095238	1.4086583	0.9103422619047619	0.007854202	0.22999999999999998	0.7378541	0.09508526
Adam10^Tspan14	Adam10	Tspan14	0.6236172	0.6517857142857143	0.40130392	0.47619047619047616	0.007737164	0.06000000000000005	0.50915045	0.13741267
Col4a1^Itgav_Itgb8	Col4a1	Itgav_Itgb8	0.32127956	0.3861607142857143	0.3102976	0.4029017857142857	0.0072351904	0.07999999999999996	0.34512076	0.16398855
Gdf11^Bmpr1a	Gdf11	Bmpr1a	0.21991773	0.27120535714285715	0.45847613	0.5293898809523809	0.0071008713	0.08999999999999997	0.31233832	0.16243424
Wnt7b^Fzd3_Lrp6	Wnt7b	Fzd3_Lrp6	0.36566865	0.4367559523809524	0.17610212	0.25967261904761907	0.0070507447	0.10999999999999999	0.30921006	0.17053054
Adam9^Itga6	Adam9	Itga6	0.41276258	0.5003720238095238	0.18292104	0.23846726190476192	0.006699799	0.06000000000000005	0.31297293	0.16301376
App^Tspan12	App	Tspan12	3.0401053	0.9981398809523809	0.2447386	0.31473214285714285	0.00654456	0.12	0.5216817	0.104535155
Fgfr3^Epha4	Fgfr3	Epha4	0.83076346	0.7533482142857143	1.0533679	0.8031994047619048	0.006505785	0.18999999999999995	0.6783083	0.12568262
Lamc1^Dag1	Lamc1	Dag1	0.21295276	0.27641369047619047	0.67184806	0.6837797619047619	0.0061171735	0.06000000000000005	0.3894068	0.15282084
H2-K1^Aplp2	H2-K1	Aplp2	0.5586778	0.5691964285714286	2.0318582	0.9851190476190477	0.005914302	0.19999999999999996	0.69207823	0.08989745
Fstl5^Sdk2	Fstl5	Sdk2	0.23692402	0.30431547619047616	0.149892	0.21354166666666666	0.0058364063	0.15000000000000002	0.2440852	0.1844074
Pomc^Ramp2	Pomc	Ramp2	0.17294559	0.22805059523809523	0.46474704	0.5066964285714286	0.0055944724	0.12	0.29972163	0.17511535
Hebp1^Adra2a	Hebp1	Adra2a	0.3981533	0.46577380952380953	0.243272	0.3080357142857143	0.005065829	0.27	0.36264902	0.1824446
Psen1^Ncstn	Psen1	Ncstn	0.40667868	0.5014880952380952	0.5451019	0.6004464285714286	0.0049009826	0.38	0.5134341	0.13591234
Sst^Grm7	Sst	Grm7	1.5905324	0.8359375	0.33483678	0.4177827380952381	0.0047577475	0.19999999999999996	0.5122248	0.16275927
Txlna^Stx3	Txlna	Stx3	0.29648027	0.38169642857142855	0.15442944	0.22730654761904762	0.004696887	0.28	0.25049496	0.163376
Gnas^Adora1	Gnas	Adora1	3.676198	1.0	0.8465919	0.7369791666666666	0.004660319	0.28	0.8108435	0.09096756
Pnoc^Grm7	Pnoc	Grm7	0.2416671	0.27529761904761907	0.33483678	0.4177827380952381	0.0045745936	0.20999999999999996	0.28204972	0.18583836
Vtn^Itgav_Itgb5	Vtn	Itgav_Itgb5	0.8121752	0.6848958333333334	0.25595605	0.3444940476190476	0.003937607	0.48	0.44193295	0.15016401
Vegfa^Gpc1	Vegfa	Gpc1	0.45193133	0.5204613095238095	0.599249	0.6175595238095238	0.0036554981	0.31999999999999995	0.504951	0.1426283
Bsg^Slc16a1	Bsg	Slc16a1	2.9278245	0.9996279761904762	0.42748496	0.47172619047619047	0.0035731965	0.6599999999999999	0.6406342	0.10919993
Vtn^Itga3	Vtn	Itga3	0.8121752	0.6848958333333334	0.1875078	0.25558035714285715	0.0030704902	0.4	0.34521258	0.14866948
Wnt4^Fzd3_Lrp6	Wnt4	Fzd3_Lrp6	0.34795475	0.37351190476190477	0.17610212	0.25967261904761907	0.0026275343	0.48	0.2762244	0.18028682
Lamb2^Itgav_Itgb8	Lamb2	Itgav_Itgb8	0.2738867	0.32514880952380953	0.3102976	0.4029017857142857	0.0026220558	0.5	0.32241917	0.18033879
Tln1^Itgb5	Tln1	Itgb5	0.77458775	0.7418154761904762	0.4578212	0.5167410714285714	0.0025576893	0.6	0.56544024	0.1381766
Vwf^Lrp1	Vwf	Lrp1	0.2625269	0.2741815476190476	1.5292057	0.9468005952380952	0.0022759126	0.51	0.44809318	0.12349084
Fn1^Itgav_Itgb8	Fn1	Itgav_Itgb8	0.3285712	0.36755952380952384	0.3102976	0.4029017857142857	0.0022270184	0.6599999999999999	0.35154387	0.16575621
Gas6^Axl	Gas6	Axl	0.6732269	0.6737351190476191	0.36787346	0.4490327380952381	0.0021911412	0.63	0.49464867	0.13988023
Trf^Tfrc	Trf	Tfrc	1.7996697	0.8995535714285714	0.687719	0.6908482142857143	0.002115077	0.63	0.694523	0.10804009
Pdgfb^Lrp1	Pdgfb	Lrp1	0.2797945	0.35974702380952384	1.5292057	0.9468005952380952	0.0020926702	0.79	0.5471093	0.114422955
Tgs1^Rxra	Tgs1	Rxra	0.26436237	0.35751488095238093	0.2618833	0.34970238095238093	0.0017918934	0.64	0.3245429	0.14870943
Fgf11^Fgfr1	Fgf11	Fgfr1	0.16020241	0.21875	0.49359047	0.5319940476190477	0.0017056122	0.6699999999999999	0.31900093	0.17141345
Cxcl12^Grm7	Cxcl12	Grm7	0.55218786	0.5587797619047619	0.33483678	0.4177827380952381	0.0016114446	0.64	0.42666194	0.15754002
Adam9^Itgb5	Adam9	Itgb5	0.41276258	0.5003720238095238	0.4578212	0.5167410714285714	0.0015057384	0.73	0.4394401	0.13606949
Adam15^Itgav	Adam15	Itgav	0.7591311	0.7366071428571429	0.62788355	0.6380208333333334	0.0013821975	0.74	0.62479246	0.13885014
Ptdss1^Jmjd6	Ptdss1	Jmjd6	0.6639447	0.6867559523809523	0.23726365	0.32663690476190477	0.001365334	0.72	0.43059164	0.14618294
Fn1^Itgav_Itgb1	Fn1	Itgav_Itgb1	0.3285712	0.36755952380952384	0.2895793	0.3783482142857143	0.0013651348	0.88	0.36005124	0.1731613
B2m^Tfrc	B2m	Tfrc	1.5944177	0.9587053571428571	0.687719	0.6908482142857143	0.0011085449	0.75	0.74440145	0.084893495
Vtn^Itgav_Itgb8	Vtn	Itgav_Itgb8	0.8121752	0.6848958333333334	0.3102976	0.4029017857142857	0.00092817127	0.81	0.45328513	0.14724061
Il1rapl1^Ptprf	Il1rapl1	Ptprf	0.18380061	0.25632440476190477	0.56695485	0.6030505952380952	0.0001400613	0.97	0.3630939	0.16415408
Fndc5^Itgav	Fndc5	Itgav	0.8443229	0.7087053571428571	0.62788355	0.6380208333333334	0.00012956365	0.98	0.59414303	0.14906111
Vip^Ramp2	Vip	Ramp2	0.2846248	0.26413690476190477	0.46474704	0.5066964285714286	0.00012231947	0.94	0.25622392	0.17830516
Mdk^Lrp1	Mdk	Lrp1	0.5406094	0.5617559523809523	1.5292057	0.9468005952380952	0.00010029876	0.99	0.66731274	0.12074396
Pomc^Pth1r	Pomc	Pth1r	0.17294559	0.22805059523809523	0.19796562	0.26525297619047616	-0.00031471017	0.91	0.1991933	0.179465
Rims2^Abca1	Rims2	Abca1	0.7181223	0.6923363095238095	0.27375895	0.3478422619047619	-0.0006216045	0.87	0.44184375	0.14308833
Ptdss1^Scarb1	Ptdss1	Scarb1	0.6639447	0.6867559523809523	0.16682173	0.23549107142857142	-0.00079380884	0.8200000000000001	0.3694483	0.1493255
Apln^Grm7	Apln	Grm7	0.24795772	0.3020833333333333	0.33483678	0.4177827380952381	-0.0007945582	0.8	0.3015431	0.16270187
Pdgfa^Pdgfrb	Pdgfa	Pdgfrb	0.7294498	0.7079613095238095	0.16307312	0.2027529761904762	-0.00083632034	0.87	0.3240484	0.13939902
Cxcl12^Itgb1	Cxcl12	Itgb1	0.55218786	0.5587797619047619	0.5329506	0.5710565476190477	-0.0014497202	0.84	0.5264781	0.14048637
Inha^Acvr1	Inha	Acvr1	0.23289745	0.3158482142857143	0.21254359	0.2898065476190476	-0.0015020443	0.63	0.2710805	0.17009433
Apoe^Scarb1	Apoe	Scarb1	4.0759296	1.0	0.16682173	0.23549107142857142	-0.001842377	0.61	0.4459892	0.11730598
Lin7c^Abca1	Lin7c	Abca1	0.6938964	0.6927083333333334	0.27375895	0.3478422619047619	-0.0019917595	0.5700000000000001	0.43750995	0.1370264
Sema4a^Plxnb2	Sema4a	Plxnb2	0.29678062	0.3835565476190476	0.53238064	0.5643601190476191	-0.0020204184	0.5800000000000001	0.41440463	0.17608151
Col4a2^Itgav_Itgb8	Col4a2	Itgav_Itgb8	0.27556935	0.3552827380952381	0.3102976	0.4029017857142857	-0.0025256425	0.45999999999999996	0.3364432	0.18005961
Reln^Vldlr	Reln	Vldlr	0.34060055	0.37351190476190477	0.49413484	0.5531994047619048	-0.0025475305	0.48	0.37831423	0.17545989
App^Lrp6	App	Lrp6	3.0401053	0.9981398809523809	0.2601139	0.3392857142857143	-0.0027015384	0.47	0.5455844	0.09816301
Wnt7a^Fzd3_Lrp6	Wnt7a	Fzd3_Lrp6	0.14457567	0.20424107142857142	0.17610212	0.25967261904761907	-0.0033191547	0.37	0.21220572	0.17306599
Nampt^Insr	Nampt	Insr	0.47185636	0.5409226190476191	0.23053327	0.31212797619047616	-0.0035535814	0.29000000000000004	0.36879802	0.15022048
Fstl1^Dip2a	Fstl1	Dip2a	0.22625598	0.3020833333333333	0.50525707	0.5487351190476191	-0.0035585184	0.37	0.34238455	0.15775473
Enho^Gpr19	Enho	Gpr19	1.4215482	0.9330357142857143	0.23963352	0.32589285714285715	-0.003572824	0.36	0.49971375	0.13267541
Fgf1^Fgfrl1	Fgf1	Fgfrl1	0.50957584	0.5331101190476191	0.16724718	0.22321428571428573	-0.0035763886	0.39	0.2822027	0.1510157
Adam10^Trem2	Adam10	Trem2	0.6236172	0.6517857142857143	0.29921624	0.3549107142857143	-0.0038344525	0.38	0.4130065	0.15294103
Ncam1^Ptpra	Ncam1	Ptpra	1.4877063	0.9352678571428571	1.2493502	0.9006696428571429	-0.0038815702	0.32999999999999996	0.8589379	0.07060599
Wnt7a^Ldlr	Wnt7a	Ldlr	0.14457567	0.20424107142857142	0.22553815	0.2935267857142857	-0.0039174417	0.24	0.21619698	0.17464979
Adam10^Notch1	Adam10	Notch1	0.6236172	0.6517857142857143	0.21668908	0.2767857142857143	-0.0043231635	0.28	0.36333877	0.15539837
Ncam1^Robo1	Ncam1	Robo1	1.4877063	0.9352678571428571	0.2568019	0.32700892857142855	-0.004334408	0.30000000000000004	0.49711463	0.12680101
Apoe^Vldlr	Apoe	Vldlr	4.0759296	1.0	0.49413484	0.5531994047619048	-0.0044201463	0.72	0.6935662	0.08913401
Vtn^Itgav_Itgb1	Vtn	Itgav_Itgb1	0.8121752	0.6848958333333334	0.2895793	0.3783482142857143	-0.0044736764	0.54	0.4658439	0.15754113
Psap^Ar	Psap	Ar	3.3180952	0.9996279761904762	0.28814837	0.36421130952380953	-0.0044876225	0.35	0.5647877	0.12525663
Adam10^Tspan12	Adam10	Tspan12	0.6236172	0.6517857142857143	0.2447386	0.31473214285714285	-0.004599228	0.38	0.392277	0.15069985
Sema4a^Plxnb1	Sema4a	Plxnb1	0.29678062	0.3835565476190476	0.5545997	0.5974702380952381	-0.0050313943	0.18999999999999995	0.41244194	0.17128202
Ptn^Plxnb2	Ptn	Plxnb2	2.0740683	0.9880952380952381	0.53238064	0.5643601190476191	-0.005487119	0.13	0.68247545	0.10682514
Vegfa^Nrp2	Vegfa	Nrp2	0.45193133	0.5204613095238095	0.19253118	0.23325892857142858	-0.0055148113	0.09999999999999998	0.2765229	0.19042909
Csf1^Csf2ra	Csf1	Csf2ra	0.21205498	0.2700892857142857	0.13728794	0.20424107142857142	-0.0055310014	0.18999999999999995	0.18492879	0.16689594
Bdnf^Ntrk2	Bdnf	Ntrk2	0.31349307	0.3523065476190476	1.953789	0.9828869047619048	-0.005816712	0.21999999999999997	0.5122149	0.16828659
Efnb2^Epha4	Efnb2	Epha4	0.26584476	0.3411458333333333	1.0533679	0.8031994047619048	-0.006554971	0.09999999999999998	0.4581025	0.21244688
Shank1^Sstr2	Shank1	Sstr2	1.3123268	0.8988095238095238	0.16971074	0.23065476190476192	-0.0071353614	0.06000000000000005	0.36623272	0.2063808
Vegfa^Grin2b	Vegfa	Grin2b	0.45193133	0.5204613095238095	1.1666963	0.8746279761904762	-0.007348248	0.030000000000000027	0.61041147	0.120857105
Cntn1^Ptprz1	Cntn1	Ptprz1	1.828667	0.9694940476190477	1.2920457	0.9196428571428571	-0.007902321	0.12	0.8751639	0.06452783
Vegfa^Tyro3	Vegfa	Tyro3	0.45193133	0.5204613095238095	0.79776156	0.6994047619047619	-0.008014576	0.050000000000000044	0.5398575	0.15896875
Arpc5^Ldlr	Arpc5	Ldlr	1.2039949	0.8735119047619048	0.22553815	0.2935267857142857	-0.00857311	0.030000000000000027	0.45033756	0.15966886
Arf1^Pld2	Arf1	Pld2	2.0344436	0.9813988095238095	0.1758531	0.2421875	-0.008847223	0.020000000000000018	0.45614666	0.11353386
Fam3c^Glra2	Fam3c	Glra2	0.6034621	0.6298363095238095	0.2336624	0.29538690476190477	-0.009080812	0.020000000000000018	0.36666253	0.19300981
Adam15^Itgb1	Adam15	Itgb1	0.7591311	0.7366071428571429	0.5329506	0.5710565476190477	-0.009107308	0.010000000000000009	0.5906804	0.13954121
Lrpap1^Vldlr	Lrpap1	Vldlr	1.4474562	0.9174107142857143	0.49413484	0.5531994047619048	-0.009186542	0.09999999999999998	0.6694008	0.10737646
Wnt4^Notch1	Wnt4	Notch1	0.34795475	0.37351190476190477	0.21668908	0.2767857142857143	-0.009370709	0.0	0.27863517	0.18013065
Vegfa^Itgb1	Vegfa	Itgb1	0.45193133	0.5204613095238095	0.5329506	0.5710565476190477	-0.009646363	0.010000000000000009	0.48492408	0.14210005
Hebp1^Grm7	Hebp1	Grm7	0.3981533	0.46577380952380953	0.33483678	0.4177827380952381	-0.009789616	0.010000000000000009	0.41657215	0.17301795
Gnai2^Adcy8	Gnai2	Adcy8	1.6267207	0.9665178571428571	0.28399298	0.36235119047619047	-0.009989509	0.010000000000000009	0.5364822	0.14309
Slit2^Robo1	Slit2	Robo1	0.26072016	0.3404017857142857	0.2568019	0.32700892857142855	-0.010119731	0.010000000000000009	0.29717326	0.19817916
Col4a1^Cd47	Col4a1	Cd47	0.32127956	0.3861607142857143	1.3453064	0.9203869047619048	-0.010414741	0.0	0.5411682	0.11073067
Wnt7b^Tmed5	Wnt7b	Tmed5	0.36566865	0.4367559523809524	0.5060898	0.5625	-0.010720987	0.0	0.43854845	0.16372819
Gdf11^Bmpr2	Gdf11	Bmpr2	0.21991773	0.27120535714285715	0.97784406	0.8292410714285714	-0.011018726	0.010000000000000009	0.41868854	0.16061118
Ptn^Ptprz1	Ptn	Ptprz1	2.0740683	0.9880952380952381	1.2920457	0.9196428571428571	-0.011282295	0.09999999999999998	0.8986723	0.046713673
Bmp1^Bmpr1a	Bmp1	Bmpr1a	0.30969092	0.3854166666666667	0.45847613	0.5293898809523809	-0.011572013	0.0	0.39692566	0.14558455
Cntn6^Notch1	Cntn6	Notch1	0.17610458	0.24553571428571427	0.21668908	0.2767857142857143	-0.012456142	0.0	0.21672878	0.16014472
Pomc^Grm7	Pomc	Grm7	0.17294559	0.22805059523809523	0.33483678	0.4177827380952381	-0.012884025	0.0	0.27437583	0.1690457
Kitl^Lrrn3	Kitl	Lrrn3	0.51514804	0.5115327380952381	0.5295341	0.5695684523809523	-0.013042857	0.0	0.4986828	0.18639831
Nxph3^Nrxn2	Nxph3	Nrxn2	0.21941806	0.24665178571428573	1.5570858	0.9438244047619048	-0.013158275	0.0	0.41049644	0.20006771
Adam10^Axl	Adam10	Axl	0.6236172	0.6517857142857143	0.36787346	0.4490327380952381	-0.013320463	0.0	0.4990713	0.13203628
Il18^Il1rapl1	Il18	Il1rapl1	0.39363515	0.4680059523809524	0.18380061	0.25632440476190477	-0.013656997	0.0	0.2937513	0.16828111
Rgma^Bmpr2	Rgma	Bmpr2	0.39243376	0.46205357142857145	0.97784406	0.8292410714285714	-0.014136758	0.0	0.5702392	0.13269666
Sema4g^Plxnb2	Sema4g	Plxnb2	0.2787563	0.3478422619047619	0.53238064	0.5643601190476191	-0.014501636	0.0	0.38561568	0.16558978
Calr^Itga3	Calr	Itga3	2.1494973	0.9892113095238095	0.1875078	0.25558035714285715	-0.015100798	0.0	0.45948976	0.14329343
Hspa8^Ldlr	Hspa8	Ldlr	3.7601392	0.9996279761904762	0.22553815	0.2935267857142857	-0.015179278	0.0	0.496571	0.14388104
Vtn^Cd47	Vtn	Cd47	0.8121752	0.6848958333333334	1.3453064	0.9203869047619048	-0.015762856	0.0	0.68689376	0.093335696
Rgmb^Neo1	Rgmb	Neo1	0.504289	0.5613839285714286	0.5423434	0.6011904761904762	-0.015807422	0.0	0.5170655	0.14465281
Gnai2^Ptpru	Gnai2	Ptpru	1.6267207	0.9665178571428571	0.2560657	0.32142857142857145	-0.015856279	0.0	0.49427047	0.14462085
Cxcl12^Sdc4	Cxcl12	Sdc4	0.55218786	0.5587797619047619	0.73798996	0.7127976190476191	-0.016226241	0.0	0.5508192	0.12619482
Sparc^Eng	Sparc	Eng	2.298043	0.9825148809523809	0.32145047	0.3820684523809524	-0.01646577	0.0	0.5795457	0.09708113
Pdap1^Pdgfrb	Pdap1	Pdgfrb	1.2226226	0.8872767857142857	0.16307312	0.2027529761904762	-0.016719922	0.0	0.3765305	0.12374332
C1qb^Lrp1	C1qb	Lrp1	0.98555684	0.8005952380952381	1.5292057	0.9468005952380952	-0.017694743	0.0	0.7891567	0.08806118
Lgi3^Adam23	Lgi3	Adam23	1.3767327	0.8976934523809523	0.81705624	0.7503720238095238	-0.017744463	0.0	0.74094737	0.108920515
Dlk1^Notch1	Dlk1	Notch1	0.23664083	0.21354166666666666	0.21668908	0.2767857142857143	-0.019152677	0.0	0.18711539	0.187043
Pigf^Flt1	Pigf	Flt1	0.22119524	0.3091517857142857	0.44546133	0.48325892857142855	-0.01940764	0.0	0.32270753	0.14864466
Gnai2^S1pr1	Gnai2	S1pr1	1.6267207	0.9665178571428571	0.8980523	0.7979910714285714	-0.019424342	0.0	0.8037508	0.07958235
Cx3cl1^Cx3cr1	Cx3cl1	Cx3cr1	2.0111756	0.9456845238095238	0.30077326	0.35751488095238093	-0.019491654	0.0	0.51268065	0.099299304
Agt^Grm7	Agt	Grm7	1.1537869	0.6871279761904762	0.33483678	0.4177827380952381	-0.019506278	0.0	0.45798793	0.17783828
Slit1^Robo1	Slit1	Robo1	0.3175231	0.37611607142857145	0.2568019	0.32700892857142855	-0.019774474	0.0	0.34827337	0.18239151
Plat^Lrp1	Plat	Lrp1	0.32683307	0.38430059523809523	1.5292057	0.9468005952380952	-0.020890953	0.0	0.5573221	0.10907571
Fgf9^Fgfr2	Fgf9	Fgfr2	0.271798	0.34337797619047616	0.46055856	0.44828869047619047	-0.020906745	0.0	0.31075007	0.18118052
Hbegf^Cd82	Hbegf	Cd82	0.1498213	0.20014880952380953	0.42275694	0.4114583333333333	-0.021319186	0.0	0.23790881	0.16973463
Nfasc^Cntn1_Cntnap1	Nfasc	Cntn1_Cntnap1	1.0460402	0.828125	0.7457169	0.7053571428571429	-0.021597624	0.0	0.6779116	0.13076182
Cthrc1^Fzd3	Cthrc1	Fzd3	0.2270304	0.28757440476190477	0.7095109	0.7053571428571429	-0.0228061	0.0	0.39358607	0.1749995
Sema5a^Plxna1	Sema5a	Plxna1	0.41845202	0.45200892857142855	0.34561375	0.41964285714285715	-0.023227109	0.0	0.37233695	0.1862821
Gas6^Tyro3	Gas6	Tyro3	0.6732269	0.6737351190476191	0.79776156	0.6994047619047619	-0.023516146	0.0	0.5990385	0.14705436
Hbegf^Cd9	Hbegf	Cd9	0.1498213	0.20014880952380953	0.87012136	0.6822916666666666	-0.023643844	0.0	0.30624747	0.15104313
Jag2^Notch1	Jag2	Notch1	0.27367824	0.3645833333333333	0.21668908	0.2767857142857143	-0.023822138	0.0	0.24862278	0.1548724
Lgi4^Adam23	Lgi4	Adam23	0.30374885	0.3705357142857143	0.81705624	0.7503720238095238	-0.024240328	0.0	0.46546218	0.12660617
Cntn4^Aplp1	Cntn4	Aplp1	0.29671988	0.3634672619047619	3.1264484	0.9996279761904762	-0.02447398	0.0	0.554742	0.15067147
Efnb2^Pecam1	Efnb2	Pecam1	0.26584476	0.3411458333333333	0.178742	0.23251488095238096	-0.02459528	0.0	0.2512011	0.19523424
Sertad1^Ar	Sertad1	Ar	0.1531729	0.22321428571428573	0.28814837	0.36421130952380953	-0.024818989	0.0	0.24206325	0.15995382
Edil3^Itgb5	Edil3	Itgb5	1.3528303	0.8984375	0.4578212	0.5167410714285714	-0.025451606	0.0	0.6092851	0.10990221
Adam10^Tspan15	Adam10	Tspan15	0.6236172	0.6517857142857143	0.40823084	0.4296875	-0.026521828	0.0	0.44461972	0.14771964
C1qb^C1qbp	C1qb	C1qbp	0.98555684	0.8005952380952381	0.9091628	0.7912946428571429	-0.026890293	0.0	0.7012079	0.11522154
Cxcl12^Adra2a	Cxcl12	Adra2a	0.55218786	0.5587797619047619	0.243272	0.3080357142857143	-0.026970653	0.0	0.36299455	0.17045836
Apoe^Lrp1	Apoe	Lrp1	4.0759296	1.0	1.5292057	0.9468005952380952	-0.0302064	0.0	0.9392504	0.038964085
Sema3e^Plxnd1	Sema3e	Plxnd1	0.19994883	0.23772321428571427	0.46960616	0.46577380952380953	-0.030696128	0.0	0.28885683	0.20487864
Slit1^Gpc1	Slit1	Gpc1	0.3175231	0.37611607142857145	0.599249	0.6175595238095238	-0.031218858	0.0	0.42015243	0.1765359
Fn1^Mag	Fn1	Mag	0.3285712	0.36755952380952384	1.5678058	0.8407738095238095	-0.031225404	0.0	0.47657576	0.124858506
Cntn1^Notch1	Cntn1	Notch1	1.828667	0.9694940476190477	0.21668908	0.2767857142857143	-0.03149888	0.0	0.46142334	0.11013865
Tgfa^Erbb4	Tgfa	Erbb4	0.2693516	0.32217261904761907	0.34012026	0.4095982142857143	-0.031782035	0.0	0.31802157	0.16450976
Dlk2^Notch1	Dlk2	Notch1	0.2790557	0.36086309523809523	0.21668908	0.2767857142857143	-0.032407787	0.0	0.25573626	0.17484924
Bsg^Slc16a7	Bsg	Slc16a7	2.9278245	0.9996279761904762	0.2352049	0.30766369047619047	-0.032840587	0.0	0.5149947	0.13250536
Ncam1^Cacna1c	Ncam1	Cacna1c	1.4877063	0.9352678571428571	0.34607074	0.42336309523809523	-0.032909095	0.0	0.5787795	0.15066995
Vwf^Sirpa	Vwf	Sirpa	0.2625269	0.2741815476190476	1.582893	0.9278273809523809	-0.033460904	0.0	0.44492546	0.12112085
Fgf14^Fgfr1	Fgf14	Fgfr1	0.23290735	0.3203125	0.49359047	0.5319940476190477	-0.03496327	0.0	0.35668325	0.15520859
App^Lrp10	App	Lrp10	3.0401053	0.9981398809523809	0.46149004	0.5234375	-0.036018256	0.0	0.67258686	0.10229721
Fndc5^Itgb5	Fndc5	Itgb5	0.8443229	0.7087053571428571	0.4578212	0.5167410714285714	-0.036996614	0.0	0.5189496	0.12783244
Cntn2^Cntn1	Cntn2	Cntn1	0.60635877	0.5673363095238095	1.828667	0.9694940476190477	-0.03703979	0.0	0.66479456	0.13499452
Pmch^Mchr1	Pmch	Mchr1	0.94047654	0.5877976190476191	0.17589836	0.24479166666666666	-0.038099743	0.0	0.31147903	0.1634803
Sema3e^Nrp2	Sema3e	Nrp2	0.19994883	0.23772321428571427	0.19253118	0.23325892857142858	-0.038772684	0.0	0.19138348	0.1954799
Hras^Cav1	Hras	Cav1	1.8267726	0.9613095238095238	0.17698108	0.22433035714285715	-0.03899649	0.0	0.4163951	0.10962812
App^Adra2a	App	Adra2a	3.0401053	0.9981398809523809	0.243272	0.3080357142857143	-0.03920407	0.0	0.50995594	0.14332959
Sema4a^Plxnb3	Sema4a	Plxnb3	0.29678062	0.3835565476190476	0.19086665	0.21986607142857142	-0.04035232	0.0	0.24157846	0.16119125
Ptn^Sdc2	Ptn	Sdc2	2.0740683	0.9880952380952381	0.4548394	0.5148809523809523	-0.04058545	0.0	0.65506864	0.13331532
Txlna^Stx1a	Txlna	Stx1a	0.29648027	0.38169642857142855	1.1091484	0.71875	-0.0408361	0.0	0.4817289	0.14511853
Fgf11^Fgfr2	Fgf11	Fgfr2	0.16020241	0.21875	0.46055856	0.44828869047619047	-0.040845837	0.0	0.27937773	0.17367974
Gnai2^Igf1r	Gnai2	Igf1r	1.6267207	0.9665178571428571	0.5382632	0.5866815476190477	-0.04131996	0.0	0.6873803	0.09371438
Fgf13^Fgfr1	Fgf13	Fgfr1	1.0674796	0.8258928571428571	0.49359047	0.5319940476190477	-0.041481297	0.0	0.5953053	0.13915253
Apln^Adra2a	Apln	Adra2a	0.24795772	0.3020833333333333	0.243272	0.3080357142857143	-0.042520285	0.0	0.23631093	0.15789154
Csf1^Celsr3	Csf1	Celsr3	0.21205498	0.2700892857142857	0.24764958	0.33556547619047616	-0.042553443	0.0	0.22552717	0.16767941
Ptn^Sdc3	Ptn	Sdc3	2.0740683	0.9880952380952381	1.0515773	0.8441220238095238	-0.04260465	0.0	0.85545665	0.08734282
Apoe^Chrna4	Apoe	Chrna4	4.0759296	1.0	0.4451716	0.46577380952380953	-0.044145368	0.0	0.62138927	0.1563151
Fgf9^Fgfr1	Fgf9	Fgfr1	0.271798	0.34337797619047616	0.49359047	0.5319940476190477	-0.045861762	0.0	0.3787169	0.15636328
Apoe^Lrp8	Apoe	Lrp8	4.0759296	1.0	0.2972233	0.3861607142857143	-0.046182793	0.0	0.5769774	0.11613285
Lgi4^Adam22	Lgi4	Adam22	0.30374885	0.3705357142857143	0.8707983	0.7700892857142857	-0.046646565	0.0	0.46549934	0.13299671
Bcan^Nrcam	Bcan	Nrcam	1.5829823	0.9661458333333334	1.2974885	0.8898809523809523	-0.048123796	0.0	0.8564729	0.073741585
Pmch^Grm7	Pmch	Grm7	0.94047654	0.5877976190476191	0.33483678	0.4177827380952381	-0.050535936	0.0	0.41959703	0.18156245
Vip^Pth1r	Vip	Pth1r	0.2846248	0.26413690476190477	0.19796562	0.26525297619047616	-0.05144017	0.0	0.16869065	0.16268025
Ptn^Sdc4	Ptn	Sdc4	2.0740683	0.9880952380952381	0.73798996	0.7127976190476191	-0.052451413	0.0	0.77714765	0.09046356
Sdc2^Ptprj	Sdc2	Ptprj	0.4548394	0.5148809523809523	0.5496362	0.5855654761904762	-0.052817322	0.0	0.47980663	0.14559025
Agrn^Itgb1	Agrn	Itgb1	0.70007616	0.6852678571428571	0.5329506	0.5710565476190477	-0.054272488	0.0	0.5590441	0.13273022
Slit2^Gpc1	Slit2	Gpc1	0.26072016	0.3404017857142857	0.599249	0.6175595238095238	-0.05516243	0.0	0.40916306	0.17694458
Kitl^Kit	Kitl	Kit	0.51514804	0.5115327380952381	0.1879761	0.22953869047619047	-0.05695031	0.0	0.29520622	0.17410417
Gdf11^Acvr1b_Acvr2a	Gdf11	Acvr1b_Acvr2a	0.21991773	0.27120535714285715	0.18597725	0.27306547619047616	-0.057047576	0.0	0.21934193	0.16873358
Efnb2^Ephb1	Efnb2	Ephb1	0.26584476	0.3411458333333333	0.33281592	0.390625	-0.060155917	0.0	0.29395097	0.18672252
Vip^Adcyap1r1	Vip	Adcyap1r1	0.2846248	0.26413690476190477	0.8498223	0.7593005952380952	-0.06085137	0.0	0.32869148	0.21550135
Lgi3^Adam22	Lgi3	Adam22	1.3767327	0.8976934523809523	0.8707983	0.7700892857142857	-0.06355979	0.0	0.7664639	0.10182336
Actr2^Ldlr	Actr2	Ldlr	1.4744977	0.9356398809523809	0.22553815	0.2935267857142857	-0.064709246	0.0	0.46507448	0.14251548
Il34^Ptprz1	Il34	Ptprz1	0.44366598	0.5007440476190477	1.2920457	0.9196428571428571	-0.06529377	0.0	0.5917207	0.17254792
Pomc^Ramp3	Pomc	Ramp3	0.17294559	0.22805059523809523	0.57921904	0.47619047619047616	-0.0703348	0.0	0.2818975	0.18280475
Tcn2^Cnr1	Tcn2	Cnr1	0.3043061	0.35379464285714285	0.7116177	0.6171875	-0.07350468	0.0	0.37504163	0.15104543
Lrpap1^Sort1	Lrpap1	Sort1	1.4474562	0.9174107142857143	1.4086583	0.9103422619047619	-0.07377144	0.0	0.8620649	0.07130509
Gnai2^Cnr1	Gnai2	Cnr1	1.6267207	0.9665178571428571	0.7116177	0.6171875	-0.078872204	0.0	0.67611456	0.17989409
Efna3^Ephb1	Efna3	Ephb1	0.5693633	0.5974702380952381	0.33281592	0.390625	-0.08148059	0.0	0.40756077	0.16377763
Sema6a^Plxna4	Sema6a	Plxna4	0.4468586	0.4724702380952381	0.45040256	0.5070684523809523	-0.08663889	0.0	0.4167209	0.15654366
Igsf1^Acvr1b	Igsf1	Acvr1b	0.27409312	0.2898065476190476	0.5687508	0.6045386904761905	-0.09286336	0.0	0.3192019	0.217624
Sema6a^Plxna2	Sema6a	Plxna2	0.4468586	0.4724702380952381	0.4652968	0.5122767857142857	-0.10026834	0.0	0.39125624	0.14754434
Fgf12^Fgfr1	Fgf12	Fgfr1	0.9643033	0.7935267857142857	0.49359047	0.5319940476190477	-0.101450145	0.0	0.5802169	0.13921192
Fgf14^Fgfr2	Fgf14	Fgfr2	0.23290735	0.3203125	0.46055856	0.44828869047619047	-0.102913275	0.0	0.2865987	0.14959016
Mdk^Sorl1	Mdk	Sorl1	0.5406094	0.5617559523809523	1.0210816	0.8031994047619048	-0.10461198	0.0	0.5882612	0.13364342
Csf1^Sirpa	Csf1	Sirpa	0.21205498	0.2700892857142857	1.582893	0.9278273809523809	-0.10577774	0.0	0.43535486	0.12778749
Sema7a^Plxnc1	Sema7a	Plxnc1	0.4768488	0.5081845238095238	0.3999836	0.45982142857142855	-0.11201986	0.0	0.4158934	0.14665721
Gnas^Adcy1	Gnas	Adcy1	3.676198	1.0	1.5193795	0.8984375	-0.11633382	0.0	0.91004056	0.080791384
Gnai2^Adora1	Gnai2	Adora1	1.6267207	0.9665178571428571	0.8465919	0.7369791666666666	-0.12047837	0.0	0.7699437	0.0925083
Lgi3^Flot1	Lgi3	Flot1	1.3767327	0.8976934523809523	0.9798159	0.7942708333333334	-0.122930095	0.0	0.77005404	0.10147327
Fam3c^Lamp1	Fam3c	Lamp1	0.6034621	0.6298363095238095	2.0150626	0.9862351190476191	-0.124277085	0.0	0.7256066	0.11507985
L1cam^Fgfr2	L1cam	Fgfr2	0.78895485	0.6927083333333334	0.46055856	0.44828869047619047	-0.12528753	0.0	0.43787017	0.16306901
Psap^Gpr37l1	Psap	Gpr37l1	3.3180952	0.9996279761904762	1.7654555	0.9773065476190477	-0.12616922	0.0	0.9470975	0.026900912
Efnb2^Grm1	Efnb2	Grm1	0.26584476	0.3411458333333333	0.55014694	0.53125	-0.13552757	0.0	0.35861644	0.19178008
Vip^Ramp3	Vip	Ramp3	0.2846248	0.26413690476190477	0.57921904	0.47619047619047616	-0.13837242	0.0	0.23843588	0.20155403
L1cam^Cd9	L1cam	Cd9	0.78895485	0.6927083333333334	0.87012136	0.6822916666666666	-0.13975908	0.0	0.5628608	0.15559846
Gstm7^Ryr2	Gstm7	Ryr2	0.3894027	0.42745535714285715	0.56266433	0.5773809523809523	-0.14454535	0.0	0.3879588	0.14243816
S100a1^Ryr2	S100a1	Ryr2	1.5681424	0.9620535714285714	0.56266433	0.5773809523809523	-0.14810884	0.0	0.6491345	0.14605738
App^Rpsa	App	Rpsa	3.0401053	0.9981398809523809	3.4520082	1.0	-0.15223406	0.0	0.98881257	0.009701165
Psap^Gpr37	Psap	Gpr37	3.3180952	0.9996279761904762	0.79870504	0.6223958333333334	-0.15542829	0.0	0.71408755	0.14689793
Fgf12^Fgfr2	Fgf12	Fgfr2	0.9643033	0.7935267857142857	0.46055856	0.44828869047619047	-0.17434579	0.0	0.47810277	0.1448156
Gnai2^Chrm1	Gnai2	Chrm1	1.6267207	0.9665178571428571	0.74032253	0.6071428571428571	-0.18010566	0.0	0.6733491	0.2004081
Efnb3^Ephb6	Efnb3	Ephb6	1.0005093	0.7466517857142857	0.5567551	0.5714285714285714	-0.18081206	0.0	0.5442877	0.14340112
Cntn2^Nrcam	Cntn2	Nrcam	0.60635877	0.5673363095238095	1.2974885	0.8898809523809523	-0.18344763	0.0	0.6170824	0.1361948
Ntng1^Lrrc4c	Ntng1	Lrrc4c	0.53315717	0.4791666666666667	0.82147807	0.7168898809523809	-0.18569279	0.0	0.5193553	0.15523744
Fgf13^Fgfr2	Fgf13	Fgfr2	1.0674796	0.8258928571428571	0.46055856	0.44828869047619047	-0.19643864	0.0	0.4990375	0.128974
Efnb3^Epha4	Efnb3	Epha4	1.0005093	0.7466517857142857	1.0533679	0.8031994047619048	-0.2033904	0.0	0.67301625	0.11148666
Apoe^Sorl1	Apoe	Sorl1	4.0759296	1.0	1.0210816	0.8031994047619048	-0.20990391	0.0	0.84542704	0.08134973
Gad1^Grm4	Gad1	Grm4	1.2169534	0.7659970238095238	0.24619427	0.27306547619047616	-0.21772447	0.0	0.37715498	0.1491197
Lgi3^Stx1a	Lgi3	Stx1a	1.3767327	0.8976934523809523	1.1091484	0.71875	-0.23042434	0.0	0.7216915	0.16538969
Gnai2^Adcy1	Gnai2	Adcy1	1.6267207	0.9665178571428571	1.5193795	0.8984375	-0.27049866	0.0	0.85919523	0.07289054
