category	program	n_genes	niche_score	center_score	z	percentile	lr_support	n_lr	top_lr	score
tissue_remodeling	angiogenesis	20	-0.033783216	-0.3044015	-0.3699711	40.45	7.121655749273909	1	Cd38->Pecam1 (C>N)	0.8529411764705882
cell_death	apoptosis_extrinsic	10	0.08885306	0.5288083	0.9467449	86.7	0.0	0		0.7450980392156863
immune	immunosuppression	18	0.0838214	0.25985798	0.9221083	88.55	0.0	0		0.7352941176470588
immune	complement	13	0.14051646	0.38870546	0.88096184	84.95	0.0	0		0.7254901960784313
signaling	TGFb_signaling	19	0.08206359	0.055683713	0.84874356	83.3	0.0	0		0.7156862745098039
immune	humoral_B_cell	12	0.013579585	-0.108248614	0.2029545	66.9	0.0	0		0.7058823529411764
signaling	WNT_signaling	19	-0.1624345	-0.35587764	-1.2749134	3.15	12.0	1	Dkk2->Lrp6 (C>N)	0.7058823529411764
metabolism	iron_metabolism	11	0.02958323	0.22122346	0.20107567	68.8	0.0	0		0.696078431372549
immune	cytotoxic_T_NK	14	0.013466979	-0.025857527	0.12894703	67.25	0.0	0		0.6862745098039216
immune	antigen_presentation_MHCI	14	0.013218519	0.7053866	0.075463794	63.05	0.0	0		0.6764705882352942
tissue_remodeling	cell_cell_adhesion	16	0.01191906	-0.36708865	0.0754274	64.05	0.0	0		0.6666666666666666
immune	leukocyte_chemotaxis	17	-0.0013967482	-0.0030110145	-0.015447661	51.0	0.0	0		0.6568627450980392
neural	synaptic_neurotransmission	34	-0.013842293	-0.4492697	-0.045257706	41.75	0.0	0		0.6470588235294118
immune	interferon_type_I	16	-0.011895079	0.13739991	-0.10318524	53.349999999999994	0.0	0		0.6372549019607843
immune	inflammation_TNF_NFkB	17	-0.016169786	-0.2187583	-0.19696225	51.05	0.0	0		0.6274509803921569
proliferation	G2_M_mitosis	22	-0.03664281	-0.13707353	-0.31459838	41.449999999999996	0.0	0		0.6176470588235294
tissue_remodeling	ECM_remodeling_fibrosis	21	-0.062277164	-0.200894	-0.43848822	36.449999999999996	0.0	0		0.5980392156862745
tissue_remodeling	EMT	24	-0.06843476	-0.29813537	-0.5770503	27.35	0.0	0		0.5882352941176471
immune	antigen_presentation_MHCII	13	-0.10999677	-0.03293511	-0.7155258	14.05	0.0	0		0.5784313725490196
immune	interferon_type_II	14	-0.072687365	0.070202164	-0.7192225	18.35	0.0	0		0.5686274509803921
proliferation	G1_S_DNA_replication	35	-0.050686814	-0.33013773	-0.73082495	22.25	0.0	0		0.5588235294117647
trafficking	phagocytosis_efferocytosis	23	-0.07514516	0.06888974	-0.8161005	21.65	0.0	0		0.5490196078431372
signaling	NOTCH_signaling	18	-0.06858857	0.40378913	-0.8270064	19.35	0.0	0		0.5392156862745098
tissue_remodeling	coagulation_wound	14	-0.11234673	-0.30104724	-0.8753229	15.2	0.0	0		0.5294117647058824
cell_death	necroptosis	12	-0.07202708	-0.13142735	-0.94153076	16.45	0.0	0		0.5196078431372549
signaling	Hedgehog_signaling	12	-0.09581794	0.30721512	-0.97703767	19.85	0.0	0		0.5098039215686274
tissue_remodeling	ECM_integrin_adhesion	21	-0.09784191	0.36028516	-1.0653031	13.700000000000001	0.0	0		0.5
stress	ROS_oxidative_stress	18	-0.14242339	-0.14241719	-1.1342255	11.1	0.0	0		0.49019607843137253
immune	T_cell_exhaustion_checkpoint	12	-0.090933785	0.48953485	-1.1475798	10.549999999999999	0.0	0		0.48039215686274506
metabolism	fatty_acid_lipid	19	-0.17144994	-0.07222833	-1.1486963	13.65	0.0	0		0.47058823529411764
signaling	RTK_MAPK	20	-0.17256105	-0.005333984	-1.2661196	10.35	0.0	0		0.4607843137254902
stress	senescence_SASP	13	-0.08834785	-0.16920379	-1.2784371	9.1	0.0	0		0.4411764705882353
metabolism	glycolysis	16	-0.38003078	-0.33592263	-1.3683475	8.1	0.0	0		0.43137254901960786
cell_death	ferroptosis	21	-0.13009097	-0.31538343	-1.4837648	7.1499999999999995	0.0	0		0.4215686274509804
cell_death	pyroptosis_inflammasome	11	-0.1268727	-0.03814056	-1.4882269	5.8500000000000005	0.0	0		0.4117647058823529
trafficking	secretion_exocytosis	14	-0.21998961	-0.40250608	-1.5526487	5.35	0.0	0		0.4019607843137255
proliferation	cell_cycle_checkpoints	15	-0.118858576	-0.033964675	-1.6790267	3.5999999999999996	0.0	0		0.39215686274509803
signaling	JAK_STAT	16	-0.15149513	0.1017149	-1.7886461	2.75	0.0	0		0.38235294117647056
metabolism	OXPHOS_TCA	18	-0.47437936	-0.19476968	-1.8291925	5.3	0.0	0		0.37254901960784315
signaling	PI3K_AKT_mTOR	18	-0.25968724	-0.15383364	-2.1148877	1.0	0.0	0		0.3627450980392157
stress	DNA_damage_response	17	-0.16000779	-0.33590472	-2.1883564	1.4500000000000002	0.0	0		0.3529411764705882
metabolism	amino_acid_glutamine	18	-0.21079662	-0.014078887	-2.230203	2.3	0.0	0		0.3431372549019608
cell_death	necrosis_DAMP	13	-0.21076116	0.11674153	-2.3548176	1.15	0.0	0		0.3333333333333333
trafficking	autophagy_lysosome	30	-0.3002018	0.024796525	-2.7110014	0.4	0.0	0		0.32352941176470584
neural	axon_guidance_neurodevelopment	24	-0.2814079	-0.46452236	-2.8943622	0.5499999999999999	0.0	0		0.3137254901960784
stress	hypoxia	18	-0.28631535	-0.44485167	-3.0718622	0.2	0.0	0		0.30392156862745096
trafficking	endocytosis	17	-0.4605367	-0.8289683	-3.261775	0.0	0.0	0		0.29411764705882354
tissue_remodeling	migration_invasion	20	-0.37678874	-0.1305571	-3.7845714	0.0	0.0	0		0.28431372549019607
stress	proteostasis_heat_shock	16	-0.6146426	-0.63165104	-3.827487	0.0	0.0	0		0.2745098039215686
stress	ER_stress_UPR	20	-0.36857638	-0.4986237	-3.834485	0.0	0.0	0		0.2647058823529412
cell_death	apoptosis_intrinsic	20	-0.28763193	-0.58567137	-4.311396	0.0	0.0	0		0.2549019607843137
