program	Cortex_2	Cortex_5	Thalamus_2	Hypothalamus_2	Cortex_4	Fiber_tract	Lateral_ventricle	Cortex_1	Hypothalamus_1	Striatum	Hippocampus	Pyramidal_layer	Thalamus_1	Cortex_3	Pyramidal_layer_dentate_gyrus
DNA_damage_response	-0.5395887	-2.2866833	-0.18718511	-1.4306706	1.9293545	-0.34131813	1.4724861	1.8942248	-0.05934531	0.47607356	-2.1643713	-1.311127	1.4996606	1.7665489	1.1309586
ECM_integrin_adhesion	-0.41715604	0.91351694	-1.2169994	0.12171971	-9.913376e-05	2.7893844	2.3396976	-0.4210196	-0.5786999	0.540538	-1.1009953	-1.2833226	-0.8066659	-0.9137587	-0.8989918
ECM_remodeling_fibrosis	-1.0550464	-0.28089863	0.86755735	0.60607517	-1.1419499	0.036204055	3.9033637	-0.87732995	0.07340295	0.6503422	-0.41392046	-0.6786483	0.9587584	0.13061509	-0.9091918
EMT	-1.0938168	-0.5618805	-0.20613167	0.21976425	-0.8174794	0.03398935	2.9952714	-0.9369102	-0.5708332	1.1566015	-0.56488377	0.30359715	-0.17496088	-0.030716976	-0.7506299
ER_stress_UPR	-0.65632814	-2.418528	-0.044870656	0.19630452	1.6156716	-0.8098323	2.3305802	0.76479733	1.0633194	1.4035271	-3.8876495	-1.2780086	-0.9628723	0.90460193	0.41155115
G1_S_DNA_replication	0.31963217	-1.1644297	-1.3783004	-0.73605084	-0.003109624	1.058983	2.4455159	-0.72593486	-0.44516802	-0.22656775	-0.7342484	-1.5818514	-1.0742035	1.4747838	1.4545466
G2_M_mitosis	-0.55467695	-0.45022544	-0.44255987	-0.9697573	0.11412544	0.07644304	1.940062	0.40136194	-0.13173664	0.06909464	-0.30272627	-0.5183535	-0.89285904	0.39906907	0.28547093
Hedgehog_signaling	-1.0890887	-0.71775866	1.0597569	0.61551553	-1.6953931	1.5351104	0.57519937	-1.406255	1.3411534	0.7714659	-0.9295779	-0.6855457	1.1354612	-0.60449433	-0.044330772
JAK_STAT	-2.2810228	-1.8280629	0.84186906	1.3595206	0.33292344	0.100722894	2.2925487	0.15571228	1.4517127	0.2798552	-1.730449	-0.69167626	1.0109135	-0.5828653	-0.07009623
NOTCH_signaling	0.5670427	0.22939087	-0.024950344	-0.14721355	-0.15828405	-0.58948916	0.21496104	-1.0897946	1.3072537	1.7008547	-0.82882744	0.17691717	0.5152061	0.24613932	0.036086373
OXPHOS_TCA	-0.44994745	-3.0820026	0.149189	2.0871997	-0.111176886	-3.272499	-0.24514724	1.1816368	0.3563289	0.41455066	-1.9204855	-0.40552518	-0.16556329	1.2205045	0.7201284
PI3K_AKT_mTOR	-0.96403617	-1.1496445	-0.643239	-0.6754539	2.2608197	-2.036717	-0.62997764	2.2646165	-0.73175585	0.17990626	-2.0680814	-0.6179123	-0.1571522	1.376015	1.3217157
ROS_oxidative_stress	-1.4269301	-2.1582897	0.10452778	0.8810025	-0.595169	-0.272658	3.1011388	-0.79448515	1.3353895	0.47300687	-1.1416245	-0.57493407	-0.06297781	-0.097211815	0.43639565
RTK_MAPK	0.72813994	-1.0760454	-1.044627	-0.7404307	1.8589383	-0.11034057	-0.671866	0.30942452	-1.8859065	-0.2766277	-1.2814702	0.28497976	-0.620452	2.352178	0.75996804
TGFb_signaling	-0.25766864	-0.63476425	-0.081525885	-0.41240415	0.82385844	0.73676187	4.243733	-0.27017137	-2.8907163	-0.33009747	0.85801196	-0.40413007	-0.17205398	0.45900586	1.0460411
T_cell_exhaustion_checkpoint	-0.69054383	-0.4938399	-0.94268674	0.7308088	-0.37950227	0.92983913	-0.5116137	0.4660788	-1.2090406	1.4532316	-1.1408257	0.07730033	-2.0322273	-0.18264982	-1.1226
WNT_signaling	-0.5938305	-0.054361474	2.478365	-0.5720803	-0.8075869	0.019375274	1.4190294	-1.3082768	-1.1275525	-0.17858407	-1.241014	-0.7027694	3.5482054	-0.25635877	-0.24337713
amino_acid_glutamine	-2.0781157	-2.3373425	0.5152418	1.9782724	-0.53529054	0.38209596	-0.7424241	0.93072724	-0.769751	0.19309232	-2.2495155	-1.1543272	-0.114432104	0.87573636	2.556399
angiogenesis	-0.71582395	1.5343207	-0.90823853	1.6415282	-0.013975703	0.031554375	0.554414	-0.43498993	-1.3912398	-0.49068287	-0.35833484	-1.1595994	1.696926	0.7860303	0.21960723
antigen_presentation_MHCI	-0.49236968	-0.32059598	-0.67939353	1.2005686	0.18688387	1.2669427	4.683613	-0.4051091	1.011563	1.0959313	0.07505512	-0.4085341	-0.70900154	-0.032438178	-0.78941923
antigen_presentation_MHCII	0.37906143	0.58561015	0.1652018	-0.659454	-0.5589125	1.2687502	6.588659	-0.44133115	0.2587975	1.0949595	-0.7109986	-0.2632055	-0.87745273	-0.5985912	-0.20465392
apoptosis_extrinsic	-0.05379622	0.28118795	-1.0810226	0.38189036	-0.55555016	-0.057368875	4.6018724	-0.61404854	0.99769855	0.025185708	0.9685835	-1.6057771	0.2797654	-1.1887977	0.5900381
apoptosis_intrinsic	-0.40137285	-2.1976695	-0.19985613	0.91139066	-0.26874	0.26807484	-0.05284914	0.40463987	0.58984447	0.68901336	-4.365121	-1.3738569	-0.11952261	1.7795393	2.5363402
autophagy_lysosome	-0.51668996	-2.5104785	0.07745486	0.6276453	-0.20868038	1.8515854	1.7859497	0.6787421	0.29846108	0.5521777	-2.722864	-1.456148	-1.0000376	2.0946116	0.11193871
axon_guidance_neurodevelopment	0.8993164	-1.3966107	0.6503829	0.005219895	0.1570538	-1.2532254	-2.7399983	0.3046273	0.9681664	1.3123738	-2.9192946	-0.12898219	-0.39418435	1.3329307	0.65218294
cell_cell_adhesion	-0.81790185	-0.7490659	0.2183663	-0.2549591	-0.6327983	0.50328976	12.295871	-0.9977313	-0.79031855	0.41217077	0.091212474	-1.0296429	1.129857	-0.3418784	2.0296977
cell_cycle_checkpoints	-1.8187039	-2.3652425	-0.37534916	0.014895311	2.0443022	-0.98360026	1.7816396	-0.0015871566	0.8068773	0.9245404	-1.718721	-0.8827945	-0.06241421	1.5347699	0.7440372
coagulation_wound	-0.39714068	-1.1265665	0.61685014	0.5762962	-0.46004546	0.2685346	5.936398	-0.8100722	-0.47858992	0.7941534	-0.87435	-0.6148863	0.2780906	-0.68381786	-0.21959467
complement	-0.36860588	1.666247	-0.2118753	-0.6118084	-0.45887625	3.2073283	2.2519577	-0.9758793	0.32119393	0.19592671	0.95451224	-0.19791506	-0.29195395	-0.9142858	0.017978536
cytotoxic_T_NK	-0.29602796	-0.75614464	0.95393324	-0.41838393	1.1667737	-0.0084080165	-0.9903845	-1.0797801	-0.066707954	-0.2672209	0.13231033	2.7802901	0.23557316	-0.9058624	0.42484802
endocytosis	0.053246442	-2.4707367	0.66274476	0.32622954	0.99363333	-0.82344675	-1.3545341	1.3982134	-0.6309191	0.6265563	-3.2847683	-0.9821728	-0.6791161	2.6043186	-0.44679964
fatty_acid_lipid	0.11754087	-1.1148112	1.6484603	0.8335033	-1.042955	2.9929538	2.3737807	-0.8189094	0.5387595	0.938575	-1.0897914	-0.9967904	-0.94921803	-0.42769426	-0.10863445
ferroptosis	-1.2735739	-2.0512137	-0.09548915	0.23051411	-0.14310557	2.489091	3.1266892	-0.8745064	-0.21362928	0.80405784	-1.4526739	-0.72966397	-0.9990767	0.71965325	0.109754436
glycolysis	0.6820105	-1.3515104	0.042462643	0.31913072	0.50059074	-3.2489831	-0.42349166	1.0179033	-0.4573401	-0.2286206	-1.4397146	0.13246807	-1.2268914	2.7566233	0.30994046
humoral_B_cell	-0.27733952	0.37829065	-0.13016954	-1.3569018	0.23733385	-0.2834011	0.07635123	-0.009963496	-0.08338777	0.43960744	0.23967355	-0.03353935	-0.22073594	0.060984343	1.9343301
hypoxia	-0.51237917	-2.0642147	0.24327718	0.061940983	0.0874109	-0.7353299	2.5120912	0.87619925	-0.85801816	-0.8974925	-3.0998988	-0.6209342	-0.9491785	2.4131083	-1.0534278
immunosuppression	-0.5173447	-0.0052723535	-1.0861373	0.47218665	-0.31000668	-0.8869264	0.18331006	-0.10823802	0.02271657	-0.69549507	0.8487994	0.6436248	-0.8963976	-0.7355306	-0.37580803
inflammation_TNF_NFkB	-0.8619476	-0.9910246	0.6550863	-0.40487477	0.6150548	1.9299461	4.7585616	-0.33078405	-1.0191615	-0.56298983	-0.17115949	-0.6285436	-0.45362628	-0.9923594	2.06
interferon_type_I	-0.36390555	0.51836234	0.010171868	-0.028688138	-0.15168598	1.3279091	2.4318624	-0.7853455	-0.2750774	-0.38004476	-0.1173966	-0.34384516	-0.14135621	0.032933254	0.29425055
interferon_type_II	-1.6057696	-1.5280334	-0.5530594	1.0962006	0.03573761	-0.14350829	1.4014546	-0.20085955	-0.12938459	0.76920784	-0.73844355	-1.4510052	-0.11654283	0.20663473	0.021469533
iron_metabolism	-0.94518363	-0.67937773	-0.1245516	1.2781854	-0.37194258	2.240691	3.124473	-0.22222707	-0.41900647	0.095463365	0.2063406	-0.1890423	0.05073208	0.004257086	0.72233945
leukocyte_chemotaxis	-0.49235234	0.7604894	0.32764712	-1.3188081	0.407069	1.3920238	2.2796695	-0.34076586	-1.4380597	-0.12056262	-0.022754379	0.7356282	0.8657153	-0.16436048	0.6336551
migration_invasion	-0.324047	-2.1187203	-0.36227244	0.029361466	0.39398906	1.6922574	-0.60620224	0.30565718	-1.8065159	-0.6799892	-3.8578146	0.061821856	0.16284023	1.057015	0.8413901
necroptosis	1.0560347	2.0627477	-0.30415282	-0.45352173	0.81035584	0.57945013	2.6906366	-0.9295457	0.19400606	0.4231697	-0.8911499	-1.4698619	0.3394401	0.10169678	1.1337768
necrosis_DAMP	-0.021879848	-1.9569118	-0.05839175	0.7320839	-0.17119648	0.721808	1.3942968	-0.0023976094	0.83912736	-0.3394183	-2.445009	-1.1936793	0.092823304	0.2340058	-0.7282237
phagocytosis_efferocytosis	-0.031757023	0.913474	-1.3799931	-0.89406574	0.8858594	1.2496822	1.7224379	-0.119269945	-2.0616493	1.237535	-0.85168225	-0.53780335	0.506884	-0.2097732	-0.41471237
proteostasis_heat_shock	-1.0449365	-3.5169206	0.8906734	0.8996118	-0.24052502	-0.7383379	-0.2817671	-0.031826753	1.2523619	1.1178818	-3.9875107	-0.40908012	-0.4257949	1.7136713	0.5448045
pyroptosis_inflammasome	-0.29022324	-0.47239316	0.03120816	-0.2997784	-0.36358932	1.801807	1.3001175	-1.3996782	0.47015893	1.3981757	-1.4869767	-1.0959775	-0.14735949	0.8048565	0.812584
secretion_exocytosis	-1.3369042	-2.8691428	0.82714105	0.9493797	-0.63728684	0.016548138	1.6793506	-0.24765982	2.4183557	1.7160076	-1.5234371	-0.9007479	0.049244523	0.081897825	0.45183277
senescence_SASP	-0.054860733	-0.30002752	0.6488975	-0.9683948	1.0941662	0.5595271	3.1163704	-0.6768208	0.7542101	-0.91266185	-1.2383388	-1.6960229	1.7616893	0.9527174	0.12166655
synaptic_neurotransmission	0.7212899	0.2302718	-0.24258335	-0.46639216	1.437699	-3.2107959	-3.4773622	1.4804498	-1.1068351	0.10830516	-0.08150742	0.60075134	0.20007049	1.0123839	0.66249543
